common_name,birdcode,call_datetime_r,call_datetime,recorder_group,call_id,maxp,ngoodrecs,ngoodrecs_high,n_active_recorders,temp_c,speed,speed_old,rh
Painted Bunting,PAINTEDBUNTING,2025-07-09 18:46:30-05:00,2025-07-09 18:46:30.000000333-05:00,House,PAINTEDBUNTING_House_20250709-184630,0.9998592138290405,4,4,4,31.9,351.6117642782021,348.80674090389937,55
Painted Bunting,PAINTEDBUNTING,2025-07-09 18:53:27-05:00,2025-07-09 18:53:27.000000333-05:00,House,PAINTEDBUNTING_House_20250709-185327,0.9998430013656616,4,2,4,31.9,351.6117642782021,348.80674090389937,55
Painted Bunting,PAINTEDBUNTING,2025-07-09 18:52:00-05:00,2025-07-09 18:51:59.999995333-05:00,House,PAINTEDBUNTING_House_20250709-185200,0.9998207688331604,4,3,4,31.9,351.6117642782021,348.80674090389937,55
Painted Bunting,PAINTEDBUNTING,2025-07-09 18:51:45-05:00,2025-07-09 18:51:45.000000333-05:00,House,PAINTEDBUNTING_House_20250709-185145,0.9997816681861877,4,4,4,31.9,351.6117642782021,348.80674090389937,55
Painted Bunting,PAINTEDBUNTING,2025-07-09 18:54:09-05:00,2025-07-09 18:54:09.000000333-05:00,House,PAINTEDBUNTING_House_20250709-185409,0.9997578263282776,4,4,4,31.9,351.6117642782021,348.80674090389937,55
Painted Bunting,PAINTEDBUNTING,2025-07-09 18:52:42-05:00,2025-07-09 18:52:42.000000333-05:00,House,PAINTEDBUNTING_House_20250709-185242,0.9996091723442078,4,4,4,31.9,351.6117642782021,348.80674090389937,55
Painted Bunting,PAINTEDBUNTING,2025-07-09 18:44:21-05:00,2025-07-09 18:44:21.000000333-05:00,House,PAINTEDBUNTING_House_20250709-184421,0.9995850920677185,4,3,4,31.9,351.6117642782021,348.80674090389937,55
Painted Bunting,PAINTEDBUNTING,2025-07-09 18:53:06-05:00,2025-07-09 18:53:06.000000333-05:00,House,PAINTEDBUNTING_House_20250709-185306,0.9995020627975464,4,4,4,31.9,351.6117642782021,348.80674090389937,55
Painted Bunting,PAINTEDBUNTING,2025-07-09 18:55:15-05:00,2025-07-09 18:55:15.000000333-05:00,House,PAINTEDBUNTING_House_20250709-185515,0.9994909763336182,4,3,4,31.9,351.6117642782021,348.80674090389937,55
Painted Bunting,PAINTEDBUNTING,2025-07-09 18:52:48-05:00,2025-07-09 18:52:48.000000333-05:00,House,PAINTEDBUNTING_House_20250709-185248,0.9994537234306335,4,3,4,31.9,351.6117642782021,348.80674090389937,55
Painted Bunting,PAINTEDBUNTING,2025-07-09 18:45:15-05:00,2025-07-09 18:45:15.000000333-05:00,House,PAINTEDBUNTING_House_20250709-184515,0.9994408488273621,4,3,4,31.9,351.6117642782021,348.80674090389937,55
Painted Bunting,PAINTEDBUNTING,2025-07-09 18:46:36-05:00,2025-07-09 18:46:36.000000333-05:00,House,PAINTEDBUNTING_House_20250709-184636,0.999426007270813,4,4,4,31.9,351.6117642782021,348.80674090389937,55
Painted Bunting,PAINTEDBUNTING,2025-07-09 18:44:42-05:00,2025-07-09 18:44:42.000000333-05:00,House,PAINTEDBUNTING_House_20250709-184442,0.9992296695709229,4,4,4,31.9,351.6117642782021,348.80674090389937,55
Painted Bunting,PAINTEDBUNTING,2025-07-09 18:51:18-05:00,2025-07-09 18:51:18.000000333-05:00,House,PAINTEDBUNTING_House_20250709-185118,0.999198853969574,4,4,4,31.9,351.6117642782021,348.80674090389937,55
Painted Bunting,PAINTEDBUNTING,2025-07-09 18:46:48-05:00,2025-07-09 18:46:48.000000333-05:00,House,PAINTEDBUNTING_House_20250709-184648,0.9991126656532288,4,4,4,31.9,351.6117642782021,348.80674090389937,55
Painted Bunting,PAINTEDBUNTING,2025-07-09 18:45:51-05:00,2025-07-09 18:45:51.000000333-05:00,House,PAINTEDBUNTING_House_20250709-184551,0.9990394711494446,4,4,4,31.9,351.6117642782021,348.80674090389937,55
Eastern Meadowlark,EASTERNMEADOWLARK,2025-07-09 18:18:21-05:00,2025-07-09 18:18:21.000000333-05:00,House,EASTERNMEADOWLARK_House_20250709-181821,0.9990237951278687,4,4,4,32.4,351.8867784988783,349.956972355174,53
Painted Bunting,PAINTEDBUNTING,2025-07-09 18:51:00-05:00,2025-07-09 18:50:59.999995333-05:00,House,PAINTEDBUNTING_House_20250709-185100,0.9990002512931824,4,3,4,31.9,351.6117642782021,348.80674090389937,55
Painted Bunting,PAINTEDBUNTING,2025-07-09 18:44:36-05:00,2025-07-09 18:44:36.000000333-05:00,House,PAINTEDBUNTING_House_20250709-184436,0.9989457726478577,4,2,4,31.9,351.6117642782021,348.80674090389937,55
Painted Bunting,PAINTEDBUNTING,2025-07-09 18:48:00-05:00,2025-07-09 18:48:00.000000333-05:00,House,PAINTEDBUNTING_House_20250709-184800,0.9988983869552612,4,4,4,31.9,351.6117642782021,348.80674090389937,55
Painted Bunting,PAINTEDBUNTING,2025-07-09 18:45:45-05:00,2025-07-09 18:45:45.000000333-05:00,House,PAINTEDBUNTING_House_20250709-184545,0.99885094165802,4,3,4,31.9,351.6117642782021,348.80674090389937,55
Painted Bunting,PAINTEDBUNTING,2025-07-09 18:52:57-05:00,2025-07-09 18:52:57.000000333-05:00,House,PAINTEDBUNTING_House_20250709-185257,0.9988448619842529,4,3,4,31.9,351.6117642782021,348.80674090389937,55
Painted Bunting,PAINTEDBUNTING,2025-07-09 18:57:03-05:00,2025-07-09 18:57:03.000000333-05:00,House,PAINTEDBUNTING_House_20250709-185703,0.9987642765045166,4,3,4,31.9,351.6117642782021,348.80674090389937,55
Painted Bunting,PAINTEDBUNTING,2025-07-09 18:47:30-05:00,2025-07-09 18:47:30.000000333-05:00,House,PAINTEDBUNTING_House_20250709-184730,0.9986616373062134,4,4,4,31.9,351.6117642782021,348.80674090389937,55
Painted Bunting,PAINTEDBUNTING,2025-07-09 18:47:18-05:00,2025-07-09 18:47:18.000000333-05:00,House,PAINTEDBUNTING_House_20250709-184718,0.9985067248344421,4,3,4,31.9,351.6117642782021,348.80674090389937,55
Painted Bunting,PAINTEDBUNTING,2025-07-09 18:45:09-05:00,2025-07-09 18:45:09.000000333-05:00,House,PAINTEDBUNTING_House_20250709-184509,0.9983008503913879,4,3,4,31.9,351.6117642782021,348.80674090389937,55
Painted Bunting,PAINTEDBUNTING,2025-07-09 18:54:00-05:00,2025-07-09 18:53:59.999995333-05:00,House,PAINTEDBUNTING_House_20250709-185400,0.9981967806816101,4,4,4,31.9,351.6117642782021,348.80674090389937,55
Painted Bunting,PAINTEDBUNTING,2025-07-09 18:55:36-05:00,2025-07-09 18:55:36.000000333-05:00,House,PAINTEDBUNTING_House_20250709-185536,0.9980096220970154,4,3,4,31.9,351.6117642782021,348.80674090389937,55
Painted Bunting,PAINTEDBUNTING,2025-07-09 18:45:36-05:00,2025-07-09 18:45:36.000000333-05:00,House,PAINTEDBUNTING_House_20250709-184536,0.9978634715080261,4,3,4,31.9,351.6117642782021,348.80674090389937,55
Painted Bunting,PAINTEDBUNTING,2025-07-09 18:51:21-05:00,2025-07-09 18:51:21.000000333-05:00,House,PAINTEDBUNTING_House_20250709-185121,0.997641921043396,4,4,4,31.9,351.6117642782021,348.80674090389937,55
Blue Grosbeak,BLUEGROSBEAK,2025-07-09 18:04:00-05:00,2025-07-09 18:03:59.999996333-05:00,House,BLUEGROSBEAK_House_20250709-180400,0.9974512457847595,4,1,4,32.4,351.8867784988783,349.956972355174,53
Painted Bunting,PAINTEDBUNTING,2025-07-09 18:51:48-05:00,2025-07-09 18:51:48.000000333-05:00,House,PAINTEDBUNTING_House_20250709-185148,0.9973742961883545,4,3,4,31.9,351.6117642782021,348.80674090389937,55
Painted Bunting,PAINTEDBUNTING,2025-07-09 18:44:30-05:00,2025-07-09 18:44:30.000000333-05:00,House,PAINTEDBUNTING_House_20250709-184430,0.9972156286239624,4,4,4,31.9,351.6117642782021,348.80674090389937,55
Painted Bunting,PAINTEDBUNTING,2025-07-09 18:45:00-05:00,2025-07-09 18:45:00.000000333-05:00,House,PAINTEDBUNTING_House_20250709-184500,0.9971733093261719,4,3,4,31.9,351.6117642782021,348.80674090389937,55
Painted Bunting,PAINTEDBUNTING,2025-07-09 18:53:51-05:00,2025-07-09 18:53:50.999995333-05:00,House,PAINTEDBUNTING_House_20250709-185351,0.997166097164154,4,4,4,31.9,351.6117642782021,348.80674090389937,55
Painted Bunting,PAINTEDBUNTING,2025-07-09 18:53:42-05:00,2025-07-09 18:53:42.000000333-05:00,House,PAINTEDBUNTING_House_20250709-185342,0.9971020817756653,4,2,4,31.9,351.6117642782021,348.80674090389937,55
Painted Bunting,PAINTEDBUNTING,2025-07-09 18:52:51-05:00,2025-07-09 18:52:51.000000333-05:00,House,PAINTEDBUNTING_House_20250709-185251,0.9970653653144836,4,3,4,31.9,351.6117642782021,348.80674090389937,55
Painted Bunting,PAINTEDBUNTING,2025-07-09 18:45:21-05:00,2025-07-09 18:45:20.999995333-05:00,House,PAINTEDBUNTING_House_20250709-184521,0.9970394968986511,4,4,4,31.9,351.6117642782021,348.80674090389937,55
Dickcissel,DICKCISSEL,2025-07-09 18:28:27-05:00,2025-07-09 18:28:27.000000333-05:00,House,DICKCISSEL_House_20250709-182827,0.9970319271087646,4,2,4,32.4,351.8867784988783,349.956972355174,53
Painted Bunting,PAINTEDBUNTING,2025-07-09 18:46:09-05:00,2025-07-09 18:46:09.000000333-05:00,House,PAINTEDBUNTING_House_20250709-184609,0.9970178604125977,4,3,4,31.9,351.6117642782021,348.80674090389937,55
Dickcissel,DICKCISSEL,2025-07-09 18:28:09-05:00,2025-07-09 18:28:09.000000333-05:00,House,DICKCISSEL_House_20250709-182809,0.9970102310180664,4,3,4,32.4,351.8867784988783,349.956972355174,53
Dickcissel,DICKCISSEL,2025-07-09 18:30:48-05:00,2025-07-09 18:30:48.000000333-05:00,House,DICKCISSEL_House_20250709-183048,0.9969832301139832,4,3,4,31.9,351.6117642782021,348.80674090389937,55
Dickcissel,DICKCISSEL,2025-07-09 18:28:24-05:00,2025-07-09 18:28:24.000000333-05:00,House,DICKCISSEL_House_20250709-182824,0.996759831905365,4,3,4,32.4,351.8867784988783,349.956972355174,53
Painted Bunting,PAINTEDBUNTING,2025-07-09 18:50:45-05:00,2025-07-09 18:50:45.000000333-05:00,House,PAINTEDBUNTING_House_20250709-185045,0.9965601563453674,4,3,4,31.9,351.6117642782021,348.80674090389937,55
Scissor-tailed Flycatcher,SCISSORTAILEDFLYCATCHER,2025-07-09 18:54:30-05:00,2025-07-09 18:54:30.000000333-05:00,House,SCISSORTAILEDFLYCATCHER_House_20250709-185430,0.9957399368286133,4,3,4,31.9,351.6117642782021,348.80674090389937,55
Dickcissel,DICKCISSEL,2025-07-09 18:27:09-05:00,2025-07-09 18:27:09.000000333-05:00,House,DICKCISSEL_House_20250709-182709,0.9951765537261963,4,2,4,32.4,351.8867784988783,349.956972355174,53
Painted Bunting,PAINTEDBUNTING,2025-07-09 18:52:21-05:00,2025-07-09 18:52:21.000000333-05:00,House,PAINTEDBUNTING_House_20250709-185221,0.9949690699577332,4,3,4,31.9,351.6117642782021,348.80674090389937,55
Dickcissel,DICKCISSEL,2025-07-09 18:27:45-05:00,2025-07-09 18:27:45.000000333-05:00,House,DICKCISSEL_House_20250709-182745,0.9949230551719666,4,4,4,32.4,351.8867784988783,349.956972355174,53
Dickcissel,DICKCISSEL,2025-07-09 18:28:21-05:00,2025-07-09 18:28:21.000000333-05:00,House,DICKCISSEL_House_20250709-182821,0.9946563243865967,4,4,4,32.4,351.8867784988783,349.956972355174,53
Painted Bunting,PAINTEDBUNTING,2025-07-09 18:51:33-05:00,2025-07-09 18:51:33.000000333-05:00,House,PAINTEDBUNTING_House_20250709-185133,0.99445641040802,4,4,4,31.9,351.6117642782021,348.80674090389937,55
Painted Bunting,PAINTEDBUNTING,2025-07-09 18:44:33-05:00,2025-07-09 18:44:33.000000333-05:00,House,PAINTEDBUNTING_House_20250709-184433,0.9943095445632935,4,3,4,31.9,351.6117642782021,348.80674090389937,55
Dickcissel,DICKCISSEL,2025-07-09 18:16:30-05:00,2025-07-09 18:16:30.000000333-05:00,House,DICKCISSEL_House_20250709-181630,0.9942030310630798,4,2,4,32.4,351.8867784988783,349.956972355174,53
Dickcissel,DICKCISSEL,2025-07-09 18:36:27-05:00,2025-07-09 18:36:27.000000333-05:00,House,DICKCISSEL_House_20250709-183627,0.9940325617790222,4,1,4,31.9,351.6117642782021,348.80674090389937,55
Indigo Bunting,INDIGOBUNTING,2025-07-09 18:34:18-05:00,2025-07-09 18:34:18.000000333-05:00,House,INDIGOBUNTING_House_20250709-183418,0.9938569664955139,4,2,4,31.9,351.6117642782021,348.80674090389937,55
Eastern Meadowlark,EASTERNMEADOWLARK,2025-07-09 18:16:27-05:00,2025-07-09 18:16:27.000000333-05:00,House,EASTERNMEADOWLARK_House_20250709-181627,0.993725597858429,4,3,4,32.4,351.8867784988783,349.956972355174,53
Painted Bunting,PAINTEDBUNTING,2025-07-09 18:47:33-05:00,2025-07-09 18:47:33.000000333-05:00,House,PAINTEDBUNTING_House_20250709-184733,0.9936355352401733,4,3,4,31.9,351.6117642782021,348.80674090389937,55
Indigo Bunting,INDIGOBUNTING,2025-07-09 18:21:57-05:00,2025-07-09 18:21:56.999998-05:00,House,INDIGOBUNTING_House_20250709-182157,0.993454098701477,4,2,4,32.4,351.8867784988783,349.956972355174,53
Eastern Meadowlark,EASTERNMEADOWLARK,2025-07-09 18:13:06-05:00,2025-07-09 18:13:06.000000333-05:00,House,EASTERNMEADOWLARK_House_20250709-181306,0.9927969574928284,4,2,4,32.4,351.8867784988783,349.956972355174,53
Dickcissel,DICKCISSEL,2025-07-09 18:24:18-05:00,2025-07-09 18:24:18.000000333-05:00,House,DICKCISSEL_House_20250709-182418,0.9924029111862183,4,2,4,32.4,351.8867784988783,349.956972355174,53
Eastern Meadowlark,EASTERNMEADOWLARK,2025-07-09 18:01:00-05:00,2025-07-09 18:01:00.000000333-05:00,House,EASTERNMEADOWLARK_House_20250709-180100,0.9920462369918823,4,2,4,32.4,351.8867784988783,349.956972355174,53
Dickcissel,DICKCISSEL,2025-07-09 18:26:57-05:00,2025-07-09 18:26:57.000000333-05:00,House,DICKCISSEL_House_20250709-182657,0.9917479753494263,4,3,4,32.4,351.8867784988783,349.956972355174,53
Dickcissel,DICKCISSEL,2025-07-09 18:29:03-05:00,2025-07-09 18:29:03.000000333-05:00,House,DICKCISSEL_House_20250709-182903,0.9916583895683289,4,2,4,32.4,351.8867784988783,349.956972355174,53
Blue Grosbeak,BLUEGROSBEAK,2025-07-09 18:14:18-05:00,2025-07-09 18:14:18.000000333-05:00,House,BLUEGROSBEAK_House_20250709-181418,0.9912378191947937,4,2,4,32.4,351.8867784988783,349.956972355174,53
Eastern Meadowlark,EASTERNMEADOWLARK,2025-07-09 18:02:57-05:00,2025-07-09 18:02:57.000000333-05:00,House,EASTERNMEADOWLARK_House_20250709-180257,0.9910687208175659,4,2,4,32.4,351.8867784988783,349.956972355174,53
Blue Grosbeak,BLUEGROSBEAK,2025-07-09 18:04:21-05:00,2025-07-09 18:04:20.999995333-05:00,House,BLUEGROSBEAK_House_20250709-180421,0.9908947944641113,4,2,4,32.4,351.8867784988783,349.956972355174,53
Eastern Meadowlark,EASTERNMEADOWLARK,2025-07-09 18:01:15-05:00,2025-07-09 18:01:15.000000333-05:00,House,EASTERNMEADOWLARK_House_20250709-180115,0.9906617999076843,4,2,4,32.4,351.8867784988783,349.956972355174,53
Eastern Meadowlark,EASTERNMEADOWLARK,2025-07-09 18:18:48-05:00,2025-07-09 18:18:48.000000333-05:00,House,EASTERNMEADOWLARK_House_20250709-181848,0.9903746247291565,4,3,4,32.4,351.8867784988783,349.956972355174,53
Indigo Bunting,INDIGOBUNTING,2025-07-09 18:18:03-05:00,2025-07-09 18:18:03.000000333-05:00,House,INDIGOBUNTING_House_20250709-181803,0.9901671409606934,4,2,4,32.4,351.8867784988783,349.956972355174,53
Dickcissel,DICKCISSEL,2025-07-09 18:30:00-05:00,2025-07-09 18:30:00.000000333-05:00,House,DICKCISSEL_House_20250709-183000,0.9899633526802063,4,2,4,31.9,351.6117642782021,348.80674090389937,55
Eastern Meadowlark,EASTERNMEADOWLARK,2025-07-09 18:14:12-05:00,2025-07-09 18:14:12.000000333-05:00,House,EASTERNMEADOWLARK_House_20250709-181412,0.9896515011787415,4,2,4,32.4,351.8867784988783,349.956972355174,53
Indigo Bunting,INDIGOBUNTING,2025-07-09 18:49:12-05:00,2025-07-09 18:49:12.000000333-05:00,House,INDIGOBUNTING_House_20250709-184912,0.9895504117012024,4,3,4,31.9,351.6117642782021,348.80674090389937,55
Painted Bunting,PAINTEDBUNTING,2025-07-09 18:53:57-05:00,2025-07-09 18:53:56.999995333-05:00,House,PAINTEDBUNTING_House_20250709-185357,0.989392876625061,4,2,4,31.9,351.6117642782021,348.80674090389937,55
Dickcissel,DICKCISSEL,2025-07-09 18:37:42-05:00,2025-07-09 18:37:42.000000333-05:00,House,DICKCISSEL_House_20250709-183742,0.9893306493759155,4,1,4,31.9,351.6117642782021,348.80674090389937,55
Eastern Meadowlark,EASTERNMEADOWLARK,2025-07-09 18:43:21-05:00,2025-07-09 18:43:21.000000333-05:00,House,EASTERNMEADOWLARK_House_20250709-184321,0.9884507656097412,4,4,4,31.9,351.6117642782021,348.80674090389937,55
Painted Bunting,PAINTEDBUNTING,2025-07-09 18:52:27-05:00,2025-07-09 18:52:27.000000333-05:00,House,PAINTEDBUNTING_House_20250709-185227,0.9881453514099121,4,2,4,31.9,351.6117642782021,348.80674090389937,55
Dickcissel,DICKCISSEL,2025-07-09 18:30:12-05:00,2025-07-09 18:30:12.000000333-05:00,House,DICKCISSEL_House_20250709-183012,0.9876954555511475,4,2,4,31.9,351.6117642782021,348.80674090389937,55
Indigo Bunting,INDIGOBUNTING,2025-07-09 18:19:06-05:00,2025-07-09 18:19:06.000000333-05:00,House,INDIGOBUNTING_House_20250709-181906,0.9875745177268982,4,2,4,32.4,351.8867784988783,349.956972355174,53
Dickcissel,DICKCISSEL,2025-07-09 18:27:54-05:00,2025-07-09 18:27:54.000000333-05:00,House,DICKCISSEL_House_20250709-182754,0.9874323606491089,4,3,4,32.4,351.8867784988783,349.956972355174,53
Eastern Meadowlark,EASTERNMEADOWLARK,2025-07-09 18:19:42-05:00,2025-07-09 18:19:42.000000333-05:00,House,EASTERNMEADOWLARK_House_20250709-181942,0.9870603084564209,4,4,4,32.4,351.8867784988783,349.956972355174,53
Indigo Bunting,INDIGOBUNTING,2025-07-09 18:18:54-05:00,2025-07-09 18:18:54.000000333-05:00,House,INDIGOBUNTING_House_20250709-181854,0.9870306849479675,4,1,4,32.4,351.8867784988783,349.956972355174,53
Painted Bunting,PAINTEDBUNTING,2025-07-09 18:46:57-05:00,2025-07-09 18:46:57.000000333-05:00,House,PAINTEDBUNTING_House_20250709-184657,0.9868106842041016,4,2,4,31.9,351.6117642782021,348.80674090389937,55
Dickcissel,DICKCISSEL,2025-07-09 18:30:21-05:00,2025-07-09 18:30:21.000000333-05:00,House,DICKCISSEL_House_20250709-183021,0.9867543578147888,4,3,4,31.9,351.6117642782021,348.80674090389937,55
Painted Bunting,PAINTEDBUNTING,2025-07-09 18:52:30-05:00,2025-07-09 18:52:30.000000333-05:00,House,PAINTEDBUNTING_House_20250709-185230,0.9863074421882629,4,2,4,31.9,351.6117642782021,348.80674090389937,55
Dickcissel,DICKCISSEL,2025-07-09 18:29:36-05:00,2025-07-09 18:29:36.000000333-05:00,House,DICKCISSEL_House_20250709-182936,0.9846363067626953,4,4,4,32.4,351.8867784988783,349.956972355174,53
Eastern Meadowlark,EASTERNMEADOWLARK,2025-07-09 18:16:21-05:00,2025-07-09 18:16:21.000000333-05:00,House,EASTERNMEADOWLARK_House_20250709-181621,0.98453289270401,4,2,4,32.4,351.8867784988783,349.956972355174,53
Dickcissel,DICKCISSEL,2025-07-09 18:29:24-05:00,2025-07-09 18:29:24.000000333-05:00,House,DICKCISSEL_House_20250709-182924,0.9845125675201416,4,4,4,32.4,351.8867784988783,349.956972355174,53
Eastern Meadowlark,EASTERNMEADOWLARK,2025-07-09 18:02:12-05:00,2025-07-09 18:02:12.000000333-05:00,House,EASTERNMEADOWLARK_House_20250709-180212,0.9844656586647034,4,1,4,32.4,351.8867784988783,349.956972355174,53
Eastern Meadowlark,EASTERNMEADOWLARK,2025-07-09 18:16:09-05:00,2025-07-09 18:16:09.000000333-05:00,House,EASTERNMEADOWLARK_House_20250709-181609,0.9843504428863525,4,3,4,32.4,351.8867784988783,349.956972355174,53
Painted Bunting,PAINTEDBUNTING,2025-07-09 18:46:00-05:00,2025-07-09 18:45:59.999995333-05:00,House,PAINTEDBUNTING_House_20250709-184600,0.9836488962173462,4,3,4,31.9,351.6117642782021,348.80674090389937,55
Eastern Meadowlark,EASTERNMEADOWLARK,2025-07-09 18:01:51-05:00,2025-07-09 18:01:51.000000333-05:00,House,EASTERNMEADOWLARK_House_20250709-180151,0.9832698106765747,4,1,4,32.4,351.8867784988783,349.956972355174,53
Indigo Bunting,INDIGOBUNTING,2025-07-09 18:20:15-05:00,2025-07-09 18:20:14.999998-05:00,House,INDIGOBUNTING_House_20250709-182015,0.9830619096755981,4,2,4,32.4,351.8867784988783,349.956972355174,53
Dickcissel,DICKCISSEL,2025-07-09 18:29:30-05:00,2025-07-09 18:29:30.000000333-05:00,House,DICKCISSEL_House_20250709-182930,0.9826589822769165,4,4,4,32.4,351.8867784988783,349.956972355174,53
Blue Grosbeak,BLUEGROSBEAK,2025-07-09 18:05:48-05:00,2025-07-09 18:05:48.000000333-05:00,House,BLUEGROSBEAK_House_20250709-180548,0.9825745224952698,4,2,4,32.4,351.8867784988783,349.956972355174,53
Dickcissel,DICKCISSEL,2025-07-09 18:30:06-05:00,2025-07-09 18:30:06.000000333-05:00,House,DICKCISSEL_House_20250709-183006,0.9824590682983398,4,4,4,31.9,351.6117642782021,348.80674090389937,55
Dickcissel,DICKCISSEL,2025-07-09 18:24:09-05:00,2025-07-09 18:24:09.000000333-05:00,House,DICKCISSEL_House_20250709-182409,0.9823545217514038,4,2,4,32.4,351.8867784988783,349.956972355174,53
Dickcissel,DICKCISSEL,2025-07-09 18:23:57-05:00,2025-07-09 18:23:57.000000333-05:00,House,DICKCISSEL_House_20250709-182357,0.9813808798789978,4,2,4,32.4,351.8867784988783,349.956972355174,53
Eastern Meadowlark,EASTERNMEADOWLARK,2025-07-09 18:43:45-05:00,2025-07-09 18:43:45.000000333-05:00,House,EASTERNMEADOWLARK_House_20250709-184345,0.9813621640205383,4,2,4,31.9,351.6117642782021,348.80674090389937,55
Dickcissel,DICKCISSEL,2025-07-09 18:30:39-05:00,2025-07-09 18:30:39.000000333-05:00,House,DICKCISSEL_House_20250709-183039,0.980799674987793,4,3,4,31.9,351.6117642782021,348.80674090389937,55
Dickcissel,DICKCISSEL,2025-07-09 18:30:27-05:00,2025-07-09 18:30:27.000000333-05:00,House,DICKCISSEL_House_20250709-183027,0.9802253842353821,4,3,4,31.9,351.6117642782021,348.80674090389937,55
Indigo Bunting,INDIGOBUNTING,2025-07-09 18:50:51-05:00,2025-07-09 18:50:50.999995333-05:00,House,INDIGOBUNTING_House_20250709-185051,0.9801525473594666,4,2,4,31.9,351.6117642782021,348.80674090389937,55
Eastern Meadowlark,EASTERNMEADOWLARK,2025-07-09 18:19:36-05:00,2025-07-09 18:19:36.000000333-05:00,House,EASTERNMEADOWLARK_House_20250709-181936,0.9800242781639099,4,3,4,32.4,351.8867784988783,349.956972355174,53
Blue Grosbeak,BLUEGROSBEAK,2025-07-09 18:07:51-05:00,2025-07-09 18:07:51.000000333-05:00,House,BLUEGROSBEAK_House_20250709-180751,0.9798919558525085,4,1,4,32.4,351.8867784988783,349.956972355174,53
Eastern Meadowlark,EASTERNMEADOWLARK,2025-07-09 18:19:12-05:00,2025-07-09 18:19:12.000000333-05:00,House,EASTERNMEADOWLARK_House_20250709-181912,0.9797561168670654,4,2,4,32.4,351.8867784988783,349.956972355174,53
Dickcissel,DICKCISSEL,2025-07-09 18:30:33-05:00,2025-07-09 18:30:33.000000333-05:00,House,DICKCISSEL_House_20250709-183033,0.9796658158302307,4,3,4,31.9,351.6117642782021,348.80674090389937,55
Eastern Meadowlark,EASTERNMEADOWLARK,2025-07-09 18:44:09-05:00,2025-07-09 18:44:09.000000333-05:00,House,EASTERNMEADOWLARK_House_20250709-184409,0.9795131087303162,4,4,4,31.9,351.6117642782021,348.80674090389937,55
Dickcissel,DICKCISSEL,2025-07-09 18:28:00-05:00,2025-07-09 18:28:00.000000333-05:00,House,DICKCISSEL_House_20250709-182800,0.9791237115859985,4,3,4,32.4,351.8867784988783,349.956972355174,53
Blue Grosbeak,BLUEGROSBEAK,2025-07-09 18:11:00-05:00,2025-07-09 18:11:00.000000333-05:00,House,BLUEGROSBEAK_House_20250709-181100,0.9788954257965088,4,1,4,32.4,351.8867784988783,349.956972355174,53
Dickcissel,DICKCISSEL,2025-07-09 18:29:54-05:00,2025-07-09 18:29:54.000000333-05:00,House,DICKCISSEL_House_20250709-182954,0.9785188436508179,4,2,4,32.4,351.8867784988783,349.956972355174,53
Dickcissel,DICKCISSEL,2025-07-09 18:30:51-05:00,2025-07-09 18:30:51.000000333-05:00,House,DICKCISSEL_House_20250709-183051,0.9785173535346985,4,3,4,31.9,351.6117642782021,348.80674090389937,55
Dickcissel,DICKCISSEL,2025-07-09 18:27:03-05:00,2025-07-09 18:27:03.000000333-05:00,House,DICKCISSEL_House_20250709-182703,0.9782810211181641,4,2,4,32.4,351.8867784988783,349.956972355174,53
Dickcissel,DICKCISSEL,2025-07-09 18:29:12-05:00,2025-07-09 18:29:12.000000333-05:00,House,DICKCISSEL_House_20250709-182912,0.9779278039932251,4,4,4,32.4,351.8867784988783,349.956972355174,53
Dickcissel,DICKCISSEL,2025-07-09 18:29:18-05:00,2025-07-09 18:29:18.000000333-05:00,House,DICKCISSEL_House_20250709-182918,0.9773873686790466,4,4,4,32.4,351.8867784988783,349.956972355174,53
Dickcissel,DICKCISSEL,2025-07-09 18:10:30-05:00,2025-07-09 18:10:30.000000333-05:00,House,DICKCISSEL_House_20250709-181030,0.9771987199783325,4,2,4,32.4,351.8867784988783,349.956972355174,53
Dickcissel,DICKCISSEL,2025-07-09 18:29:48-05:00,2025-07-09 18:29:48.000000333-05:00,House,DICKCISSEL_House_20250709-182948,0.9770330190658569,4,2,4,32.4,351.8867784988783,349.956972355174,53
Dickcissel,DICKCISSEL,2025-07-09 18:35:33-05:00,2025-07-09 18:35:33.000000333-05:00,House,DICKCISSEL_House_20250709-183533,0.976253092288971,4,2,4,31.9,351.6117642782021,348.80674090389937,55
Eastern Meadowlark,EASTERNMEADOWLARK,2025-07-09 18:21:06-05:00,2025-07-09 18:21:06.000000333-05:00,House,EASTERNMEADOWLARK_House_20250709-182106,0.9755403399467468,4,4,4,32.4,351.8867784988783,349.956972355174,53
Dickcissel,DICKCISSEL,2025-07-09 18:28:36-05:00,2025-07-09 18:28:36.000000333-05:00,House,DICKCISSEL_House_20250709-182836,0.9751994609832764,4,3,4,32.4,351.8867784988783,349.956972355174,53
Dickcissel,DICKCISSEL,2025-07-09 18:25:12-05:00,2025-07-09 18:25:12.000000333-05:00,House,DICKCISSEL_House_20250709-182512,0.9737523794174194,4,3,4,32.4,351.8867784988783,349.956972355174,53
Dickcissel,DICKCISSEL,2025-07-09 18:29:09-05:00,2025-07-09 18:29:09.000000333-05:00,House,DICKCISSEL_House_20250709-182909,0.9736625552177429,4,4,4,32.4,351.8867784988783,349.956972355174,53
Indigo Bunting,INDIGOBUNTING,2025-07-09 18:21:42-05:00,2025-07-09 18:21:42.000000333-05:00,House,INDIGOBUNTING_House_20250709-182142,0.9707909226417542,4,2,4,32.4,351.8867784988783,349.956972355174,53
Indigo Bunting,INDIGOBUNTING,2025-07-09 18:48:45-05:00,2025-07-09 18:48:45.000000333-05:00,House,INDIGOBUNTING_House_20250709-184845,0.9692599177360535,4,2,4,31.9,351.6117642782021,348.80674090389937,55
Eastern Meadowlark,EASTERNMEADOWLARK,2025-07-09 18:44:24-05:00,2025-07-09 18:44:24.000000333-05:00,House,EASTERNMEADOWLARK_House_20250709-184424,0.9684388637542725,4,3,4,31.9,351.6117642782021,348.80674090389937,55
Eastern Meadowlark,EASTERNMEADOWLARK,2025-07-09 18:43:33-05:00,2025-07-09 18:43:33.000000333-05:00,House,EASTERNMEADOWLARK_House_20250709-184333,0.9679084420204163,4,1,4,31.9,351.6117642782021,348.80674090389937,55
Dickcissel,DICKCISSEL,2025-07-09 18:30:57-05:00,2025-07-09 18:30:57.000000333-05:00,House,DICKCISSEL_House_20250709-183057,0.967716634273529,4,1,4,31.9,351.6117642782021,348.80674090389937,55
Eastern Meadowlark,EASTERNMEADOWLARK,2025-07-09 18:45:06-05:00,2025-07-09 18:45:06.000000333-05:00,House,EASTERNMEADOWLARK_House_20250709-184506,0.9674119353294373,4,4,4,31.9,351.6117642782021,348.80674090389937,55
Indigo Bunting,INDIGOBUNTING,2025-07-09 18:33:12-05:00,2025-07-09 18:33:12.000000333-05:00,House,INDIGOBUNTING_House_20250709-183312,0.9659065008163452,4,1,4,31.9,351.6117642782021,348.80674090389937,55
Blue Grosbeak,BLUEGROSBEAK,2025-07-09 18:15:03-05:00,2025-07-09 18:15:03.000000333-05:00,House,BLUEGROSBEAK_House_20250709-181503,0.9657738208770752,4,1,4,32.4,351.8867784988783,349.956972355174,53
Dickcissel,DICKCISSEL,2025-07-09 18:28:51-05:00,2025-07-09 18:28:51.000000333-05:00,House,DICKCISSEL_House_20250709-182851,0.964767575263977,4,2,4,32.4,351.8867784988783,349.956972355174,53
Indigo Bunting,INDIGOBUNTING,2025-07-09 18:48:21-05:00,2025-07-09 18:48:21.000000333-05:00,House,INDIGOBUNTING_House_20250709-184821,0.9615270495414734,4,2,4,31.9,351.6117642782021,348.80674090389937,55
Indigo Bunting,INDIGOBUNTING,2025-07-09 18:48:57-05:00,2025-07-09 18:48:57.000000333-05:00,House,INDIGOBUNTING_House_20250709-184857,0.9611039757728577,4,4,4,31.9,351.6117642782021,348.80674090389937,55
Dickcissel,DICKCISSEL,2025-07-09 18:30:18-05:00,2025-07-09 18:30:18.000000333-05:00,House,DICKCISSEL_House_20250709-183018,0.9602600336074829,4,1,4,31.9,351.6117642782021,348.80674090389937,55
Indigo Bunting,INDIGOBUNTING,2025-07-09 18:32:57-05:00,2025-07-09 18:32:57.000000333-05:00,House,INDIGOBUNTING_House_20250709-183257,0.959851086139679,4,2,4,31.9,351.6117642782021,348.80674090389937,55
Dickcissel,DICKCISSEL,2025-07-09 18:35:54-05:00,2025-07-09 18:35:54.000000333-05:00,House,DICKCISSEL_House_20250709-183554,0.9595699906349182,4,1,4,31.9,351.6117642782021,348.80674090389937,55
Indigo Bunting,INDIGOBUNTING,2025-07-09 18:50:12-05:00,2025-07-09 18:50:12.000000333-05:00,House,INDIGOBUNTING_House_20250709-185012,0.9573168754577637,4,3,4,31.9,351.6117642782021,348.80674090389937,55
Indigo Bunting,INDIGOBUNTING,2025-07-09 18:49:39-05:00,2025-07-09 18:49:39.000000333-05:00,House,INDIGOBUNTING_House_20250709-184939,0.9573139548301697,4,3,4,31.9,351.6117642782021,348.80674090389937,55
Eastern Meadowlark,EASTERNMEADOWLARK,2025-07-09 18:15:09-05:00,2025-07-09 18:15:09.000000333-05:00,House,EASTERNMEADOWLARK_House_20250709-181509,0.9569801092147827,4,2,4,32.4,351.8867784988783,349.956972355174,53
Dickcissel,DICKCISSEL,2025-07-09 18:16:00-05:00,2025-07-09 18:16:00.000000333-05:00,House,DICKCISSEL_House_20250709-181600,0.9568346738815308,4,1,4,32.4,351.8867784988783,349.956972355174,53
Dickcissel,DICKCISSEL,2025-07-09 18:24:21-05:00,2025-07-09 18:24:21.000000333-05:00,House,DICKCISSEL_House_20250709-182421,0.9519954919815063,4,3,4,32.4,351.8867784988783,349.956972355174,53
Painted Bunting,PAINTEDBUNTING,2025-07-09 18:52:09-05:00,2025-07-09 18:52:09.000000333-05:00,House,PAINTEDBUNTING_House_20250709-185209,0.9516891837120056,4,2,4,31.9,351.6117642782021,348.80674090389937,55
Dickcissel,DICKCISSEL,2025-07-09 18:29:15-05:00,2025-07-09 18:29:15.000000333-05:00,House,DICKCISSEL_House_20250709-182915,0.9514340758323669,4,3,4,32.4,351.8867784988783,349.956972355174,53
Indigo Bunting,INDIGOBUNTING,2025-07-09 18:49:27-05:00,2025-07-09 18:49:27.000000333-05:00,House,INDIGOBUNTING_House_20250709-184927,0.9513557553291321,4,3,4,31.9,351.6117642782021,348.80674090389937,55
Eastern Meadowlark,EASTERNMEADOWLARK,2025-07-09 18:45:30-05:00,2025-07-09 18:45:30.000000333-05:00,House,EASTERNMEADOWLARK_House_20250709-184530,0.9513453841209412,4,1,4,31.9,351.6117642782021,348.80674090389937,55
Eastern Meadowlark,EASTERNMEADOWLARK,2025-07-09 18:15:57-05:00,2025-07-09 18:15:57.000000333-05:00,House,EASTERNMEADOWLARK_House_20250709-181557,0.9506467580795288,4,1,4,32.4,351.8867784988783,349.956972355174,53
Painted Bunting,PAINTEDBUNTING,2025-07-09 18:49:36-05:00,2025-07-09 18:49:36.000000333-05:00,House,PAINTEDBUNTING_House_20250709-184936,0.950484573841095,4,1,4,31.9,351.6117642782021,348.80674090389937,55
Indigo Bunting,INDIGOBUNTING,2025-07-09 18:50:00-05:00,2025-07-09 18:50:00.000000333-05:00,House,INDIGOBUNTING_House_20250709-185000,0.9498217105865479,4,2,4,31.9,351.6117642782021,348.80674090389937,55
Indigo Bunting,INDIGOBUNTING,2025-07-09 18:20:27-05:00,2025-07-09 18:20:27.000000333-05:00,House,INDIGOBUNTING_House_20250709-182027,0.9482699036598206,4,1,4,32.4,351.8867784988783,349.956972355174,53
Indigo Bunting,INDIGOBUNTING,2025-07-09 18:48:33-05:00,2025-07-09 18:48:33.000000333-05:00,House,INDIGOBUNTING_House_20250709-184833,0.9437982439994812,4,2,4,31.9,351.6117642782021,348.80674090389937,55
Painted Bunting,PAINTEDBUNTING,2025-07-09 18:47:57-05:00,2025-07-09 18:47:57.000000333-05:00,House,PAINTEDBUNTING_House_20250709-184757,0.943750262260437,4,1,4,31.9,351.6117642782021,348.80674090389937,55
Dickcissel,DICKCISSEL,2025-07-09 18:28:12-05:00,2025-07-09 18:28:12.000000333-05:00,House,DICKCISSEL_House_20250709-182812,0.9436361193656921,4,1,4,32.4,351.8867784988783,349.956972355174,53
Indigo Bunting,INDIGOBUNTING,2025-07-09 18:22:12-05:00,2025-07-09 18:22:12.000000333-05:00,House,INDIGOBUNTING_House_20250709-182212,0.9430270195007324,4,2,4,32.4,351.8867784988783,349.956972355174,53
Eastern Meadowlark,EASTERNMEADOWLARK,2025-07-09 18:18:36-05:00,2025-07-09 18:18:36.000000333-05:00,House,EASTERNMEADOWLARK_House_20250709-181836,0.9421411156654358,4,3,4,32.4,351.8867784988783,349.956972355174,53
Indigo Bunting,INDIGOBUNTING,2025-07-09 18:49:48-05:00,2025-07-09 18:49:48.000000333-05:00,House,INDIGOBUNTING_House_20250709-184948,0.9406976103782654,4,2,4,31.9,351.6117642782021,348.80674090389937,55
Dickcissel,DICKCISSEL,2025-07-09 18:28:57-05:00,2025-07-09 18:28:57.000000333-05:00,House,DICKCISSEL_House_20250709-182857,0.9400240182876587,4,1,4,32.4,351.8867784988783,349.956972355174,53
Indigo Bunting,INDIGOBUNTING,2025-07-09 18:49:00-05:00,2025-07-09 18:49:00.000000333-05:00,House,INDIGOBUNTING_House_20250709-184900,0.9396793842315674,4,1,4,31.9,351.6117642782021,348.80674090389937,55
Dickcissel,DICKCISSEL,2025-07-09 18:30:45-05:00,2025-07-09 18:30:45.000000333-05:00,House,DICKCISSEL_House_20250709-183045,0.9347991347312927,4,1,4,31.9,351.6117642782021,348.80674090389937,55
Indigo Bunting,INDIGOBUNTING,2025-07-09 18:50:24-05:00,2025-07-09 18:50:24.000000333-05:00,House,INDIGOBUNTING_House_20250709-185024,0.9320487976074219,4,2,4,31.9,351.6117642782021,348.80674090389937,55
Dickcissel,DICKCISSEL,2025-07-09 18:28:15-05:00,2025-07-09 18:28:15.000000333-05:00,House,DICKCISSEL_House_20250709-182815,0.9294701814651489,4,3,4,32.4,351.8867784988783,349.956972355174,53
Indigo Bunting,INDIGOBUNTING,2025-07-09 18:10:21-05:00,2025-07-09 18:10:21.000000333-05:00,House,INDIGOBUNTING_House_20250709-181021,0.9254279136657715,4,1,4,32.4,351.8867784988783,349.956972355174,53
Blue Grosbeak,BLUEGROSBEAK,2025-07-09 18:52:06-05:00,2025-07-09 18:52:06.000000333-05:00,House,BLUEGROSBEAK_House_20250709-185206,0.9132571220397949,4,1,4,31.9,351.6117642782021,348.80674090389937,55
Indigo Bunting,INDIGOBUNTING,2025-07-09 18:21:54-05:00,2025-07-09 18:21:54.000000333-05:00,House,INDIGOBUNTING_House_20250709-182154,0.9126896262168884,4,2,4,32.4,351.8867784988783,349.956972355174,53
Indigo Bunting,INDIGOBUNTING,2025-07-09 18:32:33-05:00,2025-07-09 18:32:33.000000333-05:00,House,INDIGOBUNTING_House_20250709-183233,0.9125378131866455,4,1,4,31.9,351.6117642782021,348.80674090389937,55
Painted Bunting,PAINTEDBUNTING,2025-07-09 18:46:03-05:00,2025-07-09 18:46:03.000000333-05:00,House,PAINTEDBUNTING_House_20250709-184603,0.9100234508514404,4,2,4,31.9,351.6117642782021,348.80674090389937,55
Eastern Meadowlark,EASTERNMEADOWLARK,2025-07-09 18:43:57-05:00,2025-07-09 18:43:57.000000333-05:00,House,EASTERNMEADOWLARK_House_20250709-184357,0.9078361988067627,4,1,4,31.9,351.6117642782021,348.80674090389937,55
Painted Bunting,PAINTEDBUNTING,2025-07-09 18:54:54-05:00,2025-07-09 18:54:54.000000333-05:00,House,PAINTEDBUNTING_House_20250709-185454,0.9995967745780945,3,3,4,31.9,351.6117642782021,348.80674090389937,55
Painted Bunting,PAINTEDBUNTING,2025-07-09 18:54:18-05:00,2025-07-09 18:54:18.000000333-05:00,House,PAINTEDBUNTING_House_20250709-185418,0.9995425939559937,3,2,4,31.9,351.6117642782021,348.80674090389937,55
Painted Bunting,PAINTEDBUNTING,2025-07-09 18:56:51-05:00,2025-07-09 18:56:51.000000333-05:00,House,PAINTEDBUNTING_House_20250709-185651,0.9994373917579651,3,3,4,31.9,351.6117642782021,348.80674090389937,55
Dickcissel,DICKCISSEL,2025-07-09 18:11:57-05:00,2025-07-09 18:11:57.000000333-05:00,House,DICKCISSEL_House_20250709-181157,0.999054491519928,3,1,4,32.4,351.8867784988783,349.956972355174,53
Dickcissel,DICKCISSEL,2025-07-09 18:26:36-05:00,2025-07-09 18:26:36.000000333-05:00,House,DICKCISSEL_House_20250709-182636,0.9989913105964661,3,3,4,32.4,351.8867784988783,349.956972355174,53
Painted Bunting,PAINTEDBUNTING,2025-07-09 18:45:39-05:00,2025-07-09 18:45:39.000000333-05:00,House,PAINTEDBUNTING_House_20250709-184539,0.9988825917243958,3,3,4,31.9,351.6117642782021,348.80674090389937,55
Painted Bunting,PAINTEDBUNTING,2025-07-09 18:46:21-05:00,2025-07-09 18:46:20.999995333-05:00,House,PAINTEDBUNTING_House_20250709-184621,0.9986697435379028,3,3,4,31.9,351.6117642782021,348.80674090389937,55
Dickcissel,DICKCISSEL,2025-07-09 18:15:33-05:00,2025-07-09 18:15:33.000000333-05:00,House,DICKCISSEL_House_20250709-181533,0.998641312122345,3,1,4,32.4,351.8867784988783,349.956972355174,53
Scissor-tailed Flycatcher,SCISSORTAILEDFLYCATCHER,2025-07-09 18:54:27-05:00,2025-07-09 18:54:27.000000333-05:00,House,SCISSORTAILEDFLYCATCHER_House_20250709-185427,0.9985613226890564,3,3,4,31.9,351.6117642782021,348.80674090389937,55
Dickcissel,DICKCISSEL,2025-07-09 18:25:03-05:00,2025-07-09 18:25:03.000000333-05:00,House,DICKCISSEL_House_20250709-182503,0.9985281229019165,3,2,4,32.4,351.8867784988783,349.956972355174,53
Painted Bunting,PAINTEDBUNTING,2025-07-09 18:45:03-05:00,2025-07-09 18:45:03.000000333-05:00,House,PAINTEDBUNTING_House_20250709-184503,0.9984612464904785,3,3,4,31.9,351.6117642782021,348.80674090389937,55
Painted Bunting,PAINTEDBUNTING,2025-07-09 18:52:33-05:00,2025-07-09 18:52:33.000000333-05:00,House,PAINTEDBUNTING_House_20250709-185233,0.9984143972396851,3,2,4,31.9,351.6117642782021,348.80674090389937,55
Dickcissel,DICKCISSEL,2025-07-09 18:18:45-05:00,2025-07-09 18:18:45.000000333-05:00,House,DICKCISSEL_House_20250709-181845,0.9982172846794128,3,1,4,32.4,351.8867784988783,349.956972355174,53
Painted Bunting,PAINTEDBUNTING,2025-07-09 18:47:06-05:00,2025-07-09 18:47:06.000000333-05:00,House,PAINTEDBUNTING_House_20250709-184706,0.9980795383453369,3,3,4,31.9,351.6117642782021,348.80674090389937,55
Painted Bunting,PAINTEDBUNTING,2025-07-09 18:55:03-05:00,2025-07-09 18:55:03.000000333-05:00,House,PAINTEDBUNTING_House_20250709-185503,0.9980231523513794,3,3,4,31.9,351.6117642782021,348.80674090389937,55
Painted Bunting,PAINTEDBUNTING,2025-07-09 18:45:54-05:00,2025-07-09 18:45:53.999995333-05:00,House,PAINTEDBUNTING_House_20250709-184554,0.9977065324783325,3,2,4,31.9,351.6117642782021,348.80674090389937,55
Painted Bunting,PAINTEDBUNTING,2025-07-09 18:46:39-05:00,2025-07-09 18:46:39.000000333-05:00,House,PAINTEDBUNTING_House_20250709-184639,0.9973939657211304,3,2,4,31.9,351.6117642782021,348.80674090389937,55
Painted Bunting,PAINTEDBUNTING,2025-07-09 18:54:45-05:00,2025-07-09 18:54:45.000000333-05:00,House,PAINTEDBUNTING_House_20250709-185445,0.9973230957984924,3,2,4,31.9,351.6117642782021,348.80674090389937,55
Dickcissel,DICKCISSEL,2025-07-09 18:25:45-05:00,2025-07-09 18:25:45.000000333-05:00,House,DICKCISSEL_House_20250709-182545,0.9968715310096741,3,3,4,32.4,351.8867784988783,349.956972355174,53
Painted Bunting,PAINTEDBUNTING,2025-07-09 18:54:48-05:00,2025-07-09 18:54:48.000000333-05:00,House,PAINTEDBUNTING_House_20250709-185448,0.9968532919883728,3,2,4,31.9,351.6117642782021,348.80674090389937,55
Painted Bunting,PAINTEDBUNTING,2025-07-09 18:53:36-05:00,2025-07-09 18:53:36.000000333-05:00,House,PAINTEDBUNTING_House_20250709-185336,0.9963738322257996,3,3,4,31.9,351.6117642782021,348.80674090389937,55
Dickcissel,DICKCISSEL,2025-07-09 18:25:42-05:00,2025-07-09 18:25:42.000000333-05:00,House,DICKCISSEL_House_20250709-182542,0.9963317513465881,3,2,4,32.4,351.8867784988783,349.956972355174,53
Painted Bunting,PAINTEDBUNTING,2025-07-09 18:55:57-05:00,2025-07-09 18:55:57.000000333-05:00,House,PAINTEDBUNTING_House_20250709-185557,0.9962670207023621,3,1,4,31.9,351.6117642782021,348.80674090389937,55
Painted Bunting,PAINTEDBUNTING,2025-07-09 18:57:00-05:00,2025-07-09 18:57:00.000000333-05:00,House,PAINTEDBUNTING_House_20250709-185700,0.9960269927978516,3,2,4,31.9,351.6117642782021,348.80674090389937,55
Eastern Meadowlark,EASTERNMEADOWLARK,2025-07-09 18:02:30-05:00,2025-07-09 18:02:30.000000333-05:00,House,EASTERNMEADOWLARK_House_20250709-180230,0.9960101842880249,3,2,4,32.4,351.8867784988783,349.956972355174,53
Eastern Meadowlark,EASTERNMEADOWLARK,2025-07-09 18:20:24-05:00,2025-07-09 18:20:24.000000333-05:00,House,EASTERNMEADOWLARK_House_20250709-182024,0.9957088232040405,3,2,4,32.4,351.8867784988783,349.956972355174,53
Dickcissel,DICKCISSEL,2025-07-09 18:17:18-05:00,2025-07-09 18:17:18.000000333-05:00,House,DICKCISSEL_House_20250709-181718,0.9954700469970703,3,1,4,32.4,351.8867784988783,349.956972355174,53
Eastern Meadowlark,EASTERNMEADOWLARK,2025-07-09 18:17:00-05:00,2025-07-09 18:17:00.000002333-05:00,House,EASTERNMEADOWLARK_House_20250709-181700,0.9946647882461548,3,2,4,32.4,351.8867784988783,349.956972355174,53
Dickcissel,DICKCISSEL,2025-07-09 18:20:12-05:00,2025-07-09 18:20:12.000000333-05:00,House,DICKCISSEL_House_20250709-182012,0.9946241974830627,3,1,4,32.4,351.8867784988783,349.956972355174,53
Dickcissel,DICKCISSEL,2025-07-09 18:10:39-05:00,2025-07-09 18:10:39.000000333-05:00,House,DICKCISSEL_House_20250709-181039,0.9945987462997437,3,1,4,32.4,351.8867784988783,349.956972355174,53
Dickcissel,DICKCISSEL,2025-07-09 18:19:51-05:00,2025-07-09 18:19:51.000000333-05:00,House,DICKCISSEL_House_20250709-181951,0.9944806098937988,3,1,4,32.4,351.8867784988783,349.956972355174,53
Blue Grosbeak,BLUEGROSBEAK,2025-07-09 18:10:24-05:00,2025-07-09 18:10:24.000000333-05:00,House,BLUEGROSBEAK_House_20250709-181024,0.9944249391555786,3,3,4,32.4,351.8867784988783,349.956972355174,53
Dickcissel,DICKCISSEL,2025-07-09 18:18:24-05:00,2025-07-09 18:18:24.000000333-05:00,House,DICKCISSEL_House_20250709-181824,0.9942604303359985,3,1,4,32.4,351.8867784988783,349.956972355174,53
Dickcissel,DICKCISSEL,2025-07-09 18:12:42-05:00,2025-07-09 18:12:42.000000333-05:00,House,DICKCISSEL_House_20250709-181242,0.994209885597229,3,1,4,32.4,351.8867784988783,349.956972355174,53
Painted Bunting,PAINTEDBUNTING,2025-07-09 18:53:03-05:00,2025-07-09 18:53:03.000000333-05:00,House,PAINTEDBUNTING_House_20250709-185303,0.9935821294784546,3,2,4,31.9,351.6117642782021,348.80674090389937,55
Painted Bunting,PAINTEDBUNTING,2025-07-09 18:44:51-05:00,2025-07-09 18:44:51.000000333-05:00,House,PAINTEDBUNTING_House_20250709-184451,0.9935609102249146,3,2,4,31.9,351.6117642782021,348.80674090389937,55
Dickcissel,DICKCISSEL,2025-07-09 18:18:00-05:00,2025-07-09 18:18:00.000000333-05:00,House,DICKCISSEL_House_20250709-181800,0.9934501051902771,3,2,4,32.4,351.8867784988783,349.956972355174,53
Indigo Bunting,INDIGOBUNTING,2025-07-09 18:21:15-05:00,2025-07-09 18:21:15.000000333-05:00,House,INDIGOBUNTING_House_20250709-182115,0.9928008317947388,3,1,4,32.4,351.8867784988783,349.956972355174,53
Dickcissel,DICKCISSEL,2025-07-09 18:25:39-05:00,2025-07-09 18:25:39.000000333-05:00,House,DICKCISSEL_House_20250709-182539,0.9924001693725586,3,1,4,32.4,351.8867784988783,349.956972355174,53
Dickcissel,DICKCISSEL,2025-07-09 18:25:54-05:00,2025-07-09 18:25:54.000000333-05:00,House,DICKCISSEL_House_20250709-182554,0.9923495054244995,3,1,4,32.4,351.8867784988783,349.956972355174,53
Dickcissel,DICKCISSEL,2025-07-09 18:25:48-05:00,2025-07-09 18:25:48.000000333-05:00,House,DICKCISSEL_House_20250709-182548,0.9921504259109497,3,2,4,32.4,351.8867784988783,349.956972355174,53
Dickcissel,DICKCISSEL,2025-07-09 18:20:03-05:00,2025-07-09 18:20:03.000000333-05:00,House,DICKCISSEL_House_20250709-182003,0.9920662641525269,3,1,4,32.4,351.8867784988783,349.956972355174,53
Dickcissel,DICKCISSEL,2025-07-09 18:13:30-05:00,2025-07-09 18:13:30.000000333-05:00,House,DICKCISSEL_House_20250709-181330,0.9919369220733643,3,2,4,32.4,351.8867784988783,349.956972355174,53
Dickcissel,DICKCISSEL,2025-07-09 18:26:06-05:00,2025-07-09 18:26:06.000000333-05:00,House,DICKCISSEL_House_20250709-182606,0.9918972253799438,3,1,4,32.4,351.8867784988783,349.956972355174,53
Dickcissel,DICKCISSEL,2025-07-09 18:20:36-05:00,2025-07-09 18:20:36.000000333-05:00,House,DICKCISSEL_House_20250709-182036,0.9915887713432312,3,1,4,32.4,351.8867784988783,349.956972355174,53
Dickcissel,DICKCISSEL,2025-07-09 18:20:48-05:00,2025-07-09 18:20:48.000000333-05:00,House,DICKCISSEL_House_20250709-182048,0.9914360642433167,3,1,4,32.4,351.8867784988783,349.956972355174,53
Blue Grosbeak,BLUEGROSBEAK,2025-07-09 18:07:03-05:00,2025-07-09 18:07:03.000000333-05:00,House,BLUEGROSBEAK_House_20250709-180703,0.9914243221282959,3,2,4,32.4,351.8867784988783,349.956972355174,53
Dickcissel,DICKCISSEL,2025-07-09 18:19:57-05:00,2025-07-09 18:19:57.000000333-05:00,House,DICKCISSEL_House_20250709-181957,0.9913369417190552,3,1,4,32.4,351.8867784988783,349.956972355174,53
Dickcissel,DICKCISSEL,2025-07-09 18:26:00-05:00,2025-07-09 18:26:00.000000333-05:00,House,DICKCISSEL_House_20250709-182600,0.9913201928138733,3,1,4,32.4,351.8867784988783,349.956972355174,53
Painted Bunting,PAINTEDBUNTING,2025-07-09 18:54:36-05:00,2025-07-09 18:54:36.000000333-05:00,House,PAINTEDBUNTING_House_20250709-185436,0.9911661744117737,3,3,4,31.9,351.6117642782021,348.80674090389937,55
Dickcissel,DICKCISSEL,2025-07-09 18:24:45-05:00,2025-07-09 18:24:45.000000333-05:00,House,DICKCISSEL_House_20250709-182445,0.9911268353462219,3,1,4,32.4,351.8867784988783,349.956972355174,53
Painted Bunting,PAINTEDBUNTING,2025-07-09 18:46:54-05:00,2025-07-09 18:46:54.000000333-05:00,House,PAINTEDBUNTING_House_20250709-184654,0.991024374961853,3,2,4,31.9,351.6117642782021,348.80674090389937,55
Blue Grosbeak,BLUEGROSBEAK,2025-07-09 18:12:21-05:00,2025-07-09 18:12:21.000000333-05:00,House,BLUEGROSBEAK_House_20250709-181221,0.9901570081710815,3,1,4,32.4,351.8867784988783,349.956972355174,53
Dickcissel,DICKCISSEL,2025-07-09 18:19:39-05:00,2025-07-09 18:19:39.000000333-05:00,House,DICKCISSEL_House_20250709-181939,0.9900262355804443,3,1,4,32.4,351.8867784988783,349.956972355174,53
Dickcissel,DICKCISSEL,2025-07-09 18:39:00-05:00,2025-07-09 18:39:00.000000333-05:00,House,DICKCISSEL_House_20250709-183900,0.989522397518158,3,1,4,31.9,351.6117642782021,348.80674090389937,55
Indigo Bunting,INDIGOBUNTING,2025-07-09 18:20:45-05:00,2025-07-09 18:20:45.000000333-05:00,House,INDIGOBUNTING_House_20250709-182045,0.9894288182258606,3,1,4,32.4,351.8867784988783,349.956972355174,53
Dickcissel,DICKCISSEL,2025-07-09 18:11:30-05:00,2025-07-09 18:11:30.000000333-05:00,House,DICKCISSEL_House_20250709-181130,0.9892117977142334,3,1,4,32.4,351.8867784988783,349.956972355174,53
Dickcissel,DICKCISSEL,2025-07-09 18:17:45-05:00,2025-07-09 18:17:45.000000333-05:00,House,DICKCISSEL_House_20250709-181745,0.9889944195747375,3,2,4,32.4,351.8867784988783,349.956972355174,53
Dickcissel,DICKCISSEL,2025-07-09 18:24:51-05:00,2025-07-09 18:24:51.000000333-05:00,House,DICKCISSEL_House_20250709-182451,0.9888695478439331,3,2,4,32.4,351.8867784988783,349.956972355174,53
Dickcissel,DICKCISSEL,2025-07-09 18:16:18-05:00,2025-07-09 18:16:18.000000333-05:00,House,DICKCISSEL_House_20250709-181618,0.9881000518798828,3,1,4,32.4,351.8867784988783,349.956972355174,53
Dickcissel,DICKCISSEL,2025-07-09 18:25:06-05:00,2025-07-09 18:25:06.000000333-05:00,House,DICKCISSEL_House_20250709-182506,0.9878740906715393,3,2,4,32.4,351.8867784988783,349.956972355174,53
Dickcissel,DICKCISSEL,2025-07-09 18:26:42-05:00,2025-07-09 18:26:42.000000333-05:00,House,DICKCISSEL_House_20250709-182642,0.9876708984375,3,1,4,32.4,351.8867784988783,349.956972355174,53
Indigo Bunting,INDIGOBUNTING,2025-07-09 18:22:15-05:00,2025-07-09 18:22:14.999995333-05:00,House,INDIGOBUNTING_House_20250709-182215,0.9866516590118408,3,2,4,32.4,351.8867784988783,349.956972355174,53
Painted Bunting,PAINTEDBUNTING,2025-07-09 18:52:36-05:00,2025-07-09 18:52:36.000000333-05:00,House,PAINTEDBUNTING_House_20250709-185236,0.9863330721855164,3,2,4,31.9,351.6117642782021,348.80674090389937,55
Indigo Bunting,INDIGOBUNTING,2025-07-09 18:22:57-05:00,2025-07-09 18:22:56.999995333-05:00,House,INDIGOBUNTING_House_20250709-182257,0.9861211180686951,3,2,4,32.4,351.8867784988783,349.956972355174,53
Dickcissel,DICKCISSEL,2025-07-09 18:24:03-05:00,2025-07-09 18:24:02.999995333-05:00,House,DICKCISSEL_House_20250709-182403,0.9853272438049316,3,2,4,32.4,351.8867784988783,349.956972355174,53
Dickcissel,DICKCISSEL,2025-07-09 18:35:42-05:00,2025-07-09 18:35:42.000002333-05:00,House,DICKCISSEL_House_20250709-183542,0.9846541285514832,3,2,4,31.9,351.6117642782021,348.80674090389937,55
Dickcissel,DICKCISSEL,2025-07-09 18:16:24-05:00,2025-07-09 18:16:24.000000333-05:00,House,DICKCISSEL_House_20250709-181624,0.9843780398368835,3,2,4,32.4,351.8867784988783,349.956972355174,53
Blue Grosbeak,BLUEGROSBEAK,2025-07-09 18:10:09-05:00,2025-07-09 18:10:09.000000333-05:00,House,BLUEGROSBEAK_House_20250709-181009,0.9840930700302124,3,2,4,32.4,351.8867784988783,349.956972355174,53
Eastern Meadowlark,EASTERNMEADOWLARK,2025-07-09 18:02:06-05:00,2025-07-09 18:02:06.000000333-05:00,House,EASTERNMEADOWLARK_House_20250709-180206,0.9836897253990173,3,2,4,32.4,351.8867784988783,349.956972355174,53
Indigo Bunting,INDIGOBUNTING,2025-07-09 18:32:36-05:00,2025-07-09 18:32:36.000000333-05:00,House,INDIGOBUNTING_House_20250709-183236,0.9834668040275574,3,3,4,31.9,351.6117642782021,348.80674090389937,55
Dickcissel,DICKCISSEL,2025-07-09 18:26:24-05:00,2025-07-09 18:26:24.000000333-05:00,House,DICKCISSEL_House_20250709-182624,0.9830306172370911,3,1,4,32.4,351.8867784988783,349.956972355174,53
Eastern Meadowlark,EASTERNMEADOWLARK,2025-07-09 18:18:57-05:00,2025-07-09 18:18:57.000000333-05:00,House,EASTERNMEADOWLARK_House_20250709-181857,0.9829769134521484,3,2,4,32.4,351.8867784988783,349.956972355174,53
Blue Grosbeak,BLUEGROSBEAK,2025-07-09 18:09:54-05:00,2025-07-09 18:09:54.000000333-05:00,House,BLUEGROSBEAK_House_20250709-180954,0.9827044606208801,3,3,4,32.4,351.8867784988783,349.956972355174,53
Dickcissel,DICKCISSEL,2025-07-09 18:14:21-05:00,2025-07-09 18:14:21.000000333-05:00,House,DICKCISSEL_House_20250709-181421,0.9825296401977539,3,1,4,32.4,351.8867784988783,349.956972355174,53
Dickcissel,DICKCISSEL,2025-07-09 18:21:18-05:00,2025-07-09 18:21:18.000000333-05:00,House,DICKCISSEL_House_20250709-182118,0.9819477796554565,3,1,4,32.4,351.8867784988783,349.956972355174,53
Dickcissel,DICKCISSEL,2025-07-09 18:24:15-05:00,2025-07-09 18:24:15.000000333-05:00,House,DICKCISSEL_House_20250709-182415,0.9813554883003235,3,2,4,32.4,351.8867784988783,349.956972355174,53
Eastern Meadowlark,EASTERNMEADOWLARK,2025-07-09 18:16:45-05:00,2025-07-09 18:16:45.000000333-05:00,House,EASTERNMEADOWLARK_House_20250709-181645,0.9803965091705322,3,1,4,32.4,351.8867784988783,349.956972355174,53
Dickcissel,DICKCISSEL,2025-07-09 18:37:57-05:00,2025-07-09 18:37:57.000000333-05:00,House,DICKCISSEL_House_20250709-183757,0.9803879261016846,3,1,4,31.9,351.6117642782021,348.80674090389937,55
Indigo Bunting,INDIGOBUNTING,2025-07-09 18:18:27-05:00,2025-07-09 18:18:26.999995333-05:00,House,INDIGOBUNTING_House_20250709-181827,0.9801520705223083,3,2,4,32.4,351.8867784988783,349.956972355174,53
Eastern Meadowlark,EASTERNMEADOWLARK,2025-07-09 18:02:42-05:00,2025-07-09 18:02:42.000000333-05:00,House,EASTERNMEADOWLARK_House_20250709-180242,0.979867696762085,3,2,4,32.4,351.8867784988783,349.956972355174,53
Dickcissel,DICKCISSEL,2025-07-09 18:10:33-05:00,2025-07-09 18:10:32.999995333-05:00,House,DICKCISSEL_House_20250709-181033,0.9792393445968628,3,1,4,32.4,351.8867784988783,349.956972355174,53
Blue Grosbeak,BLUEGROSBEAK,2025-07-09 18:51:51-05:00,2025-07-09 18:51:51.000000333-05:00,House,BLUEGROSBEAK_House_20250709-185151,0.9781357049942017,3,1,4,31.9,351.6117642782021,348.80674090389937,55
Dickcissel,DICKCISSEL,2025-07-09 18:26:48-05:00,2025-07-09 18:26:48.000000333-05:00,House,DICKCISSEL_House_20250709-182648,0.9781318306922913,3,1,4,32.4,351.8867784988783,349.956972355174,53
Indigo Bunting,INDIGOBUNTING,2025-07-09 18:32:21-05:00,2025-07-09 18:32:20.999995333-05:00,House,INDIGOBUNTING_House_20250709-183221,0.9780833125114441,3,2,4,31.9,351.6117642782021,348.80674090389937,55
Eastern Meadowlark,EASTERNMEADOWLARK,2025-07-09 18:00:24-05:00,2025-07-09 18:00:24.000000333-05:00,House,EASTERNMEADOWLARK_House_20250709-180024,0.9776689410209656,3,2,4,32.4,351.8867784988783,349.956972355174,53
Dickcissel,DICKCISSEL,2025-07-09 18:58:18-05:00,2025-07-09 18:58:18.000000333-05:00,House,DICKCISSEL_House_20250709-185818,0.9768385887145996,3,1,4,31.9,351.6117642782021,348.80674090389937,55
Eastern Meadowlark,EASTERNMEADOWLARK,2025-07-09 18:12:36-05:00,2025-07-09 18:12:36.000002333-05:00,House,EASTERNMEADOWLARK_House_20250709-181236,0.9765839576721191,3,1,4,32.4,351.8867784988783,349.956972355174,53
Eastern Meadowlark,EASTERNMEADOWLARK,2025-07-09 18:20:09-05:00,2025-07-09 18:20:09.000000333-05:00,House,EASTERNMEADOWLARK_House_20250709-182009,0.9754809141159058,3,2,4,32.4,351.8867784988783,349.956972355174,53
Indigo Bunting,INDIGOBUNTING,2025-07-09 18:21:00-05:00,2025-07-09 18:21:00.000002333-05:00,House,INDIGOBUNTING_House_20250709-182100,0.9750670194625854,3,2,4,32.4,351.8867784988783,349.956972355174,53
Indigo Bunting,INDIGOBUNTING,2025-07-09 18:33:42-05:00,2025-07-09 18:33:41.999995333-05:00,House,INDIGOBUNTING_House_20250709-183342,0.9750621914863586,3,2,4,31.9,351.6117642782021,348.80674090389937,55
Eastern Meadowlark,EASTERNMEADOWLARK,2025-07-09 18:00:51-05:00,2025-07-09 18:00:51.000000333-05:00,House,EASTERNMEADOWLARK_House_20250709-180051,0.9735287427902222,3,1,4,32.4,351.8867784988783,349.956972355174,53
Eastern Meadowlark,EASTERNMEADOWLARK,2025-07-09 18:01:48-05:00,2025-07-09 18:01:48.000002333-05:00,House,EASTERNMEADOWLARK_House_20250709-180148,0.973422646522522,3,1,4,32.4,351.8867784988783,349.956972355174,53
Dickcissel,DICKCISSEL,2025-07-09 18:24:30-05:00,2025-07-09 18:24:30.000000333-05:00,House,DICKCISSEL_House_20250709-182430,0.9726842641830444,3,2,4,32.4,351.8867784988783,349.956972355174,53
Dickcissel,DICKCISSEL,2025-07-09 18:30:54-05:00,2025-07-09 18:30:54.000000333-05:00,House,DICKCISSEL_House_20250709-183054,0.9725770950317383,3,1,4,31.9,351.6117642782021,348.80674090389937,55
Dickcissel,DICKCISSEL,2025-07-09 18:11:36-05:00,2025-07-09 18:11:36.000000333-05:00,House,DICKCISSEL_House_20250709-181136,0.9711326360702515,3,1,4,32.4,351.8867784988783,349.956972355174,53
Dickcissel,DICKCISSEL,2025-07-09 18:37:21-05:00,2025-07-09 18:37:21.000000333-05:00,House,DICKCISSEL_House_20250709-183721,0.9683958292007446,3,2,4,31.9,351.6117642782021,348.80674090389937,55
Mourning Dove,MOURNINGDOVE,2025-07-09 18:28:54-05:00,2025-07-09 18:28:54.000000333-05:00,House,MOURNINGDOVE_House_20250709-182854,0.9681370258331299,3,2,4,32.4,351.8867784988783,349.956972355174,53
Blue Grosbeak,BLUEGROSBEAK,2025-07-09 18:05:33-05:00,2025-07-09 18:05:33.000000333-05:00,House,BLUEGROSBEAK_House_20250709-180533,0.9666396379470825,3,1,4,32.4,351.8867784988783,349.956972355174,53
Blue Grosbeak,BLUEGROSBEAK,2025-07-09 18:08:57-05:00,2025-07-09 18:08:57.000000333-05:00,House,BLUEGROSBEAK_House_20250709-180857,0.964974582195282,3,1,4,32.4,351.8867784988783,349.956972355174,53
Eastern Meadowlark,EASTERNMEADOWLARK,2025-07-09 18:19:48-05:00,2025-07-09 18:19:48.000000333-05:00,House,EASTERNMEADOWLARK_House_20250709-181948,0.9643766283988953,3,2,4,32.4,351.8867784988783,349.956972355174,53
Mourning Dove,MOURNINGDOVE,2025-07-09 18:35:36-05:00,2025-07-09 18:35:36.000000333-05:00,House,MOURNINGDOVE_House_20250709-183536,0.9640112519264221,3,2,4,31.9,351.6117642782021,348.80674090389937,55
Indigo Bunting,INDIGOBUNTING,2025-07-09 18:32:45-05:00,2025-07-09 18:32:45.000000333-05:00,House,INDIGOBUNTING_House_20250709-183245,0.9623963236808777,3,2,4,31.9,351.6117642782021,348.80674090389937,55
Dickcissel,DICKCISSEL,2025-07-09 18:30:15-05:00,2025-07-09 18:30:15.000000333-05:00,House,DICKCISSEL_House_20250709-183015,0.9617013335227966,3,2,4,31.9,351.6117642782021,348.80674090389937,55
Dickcissel,DICKCISSEL,2025-07-09 18:26:51-05:00,2025-07-09 18:26:51.000000333-05:00,House,DICKCISSEL_House_20250709-182651,0.9615710377693176,3,2,4,32.4,351.8867784988783,349.956972355174,53
Eastern Meadowlark,EASTERNMEADOWLARK,2025-07-09 18:15:33-05:00,2025-07-09 18:15:33.000000333-05:00,House,EASTERNMEADOWLARK_House_20250709-181533,0.9606499671936035,3,2,4,32.4,351.8867784988783,349.956972355174,53
Painted Bunting,PAINTEDBUNTING,2025-07-09 18:55:27-05:00,2025-07-09 18:55:27.000000333-05:00,House,PAINTEDBUNTING_House_20250709-185527,0.9604556560516357,3,1,4,31.9,351.6117642782021,348.80674090389937,55
Indigo Bunting,INDIGOBUNTING,2025-07-09 18:51:06-05:00,2025-07-09 18:51:06.000000333-05:00,House,INDIGOBUNTING_House_20250709-185106,0.9589794874191284,3,2,4,31.9,351.6117642782021,348.80674090389937,55
Indigo Bunting,INDIGOBUNTING,2025-07-09 18:50:39-05:00,2025-07-09 18:50:38.999995333-05:00,House,INDIGOBUNTING_House_20250709-185039,0.9587615132331848,3,2,4,31.9,351.6117642782021,348.80674090389937,55
Dickcissel,DICKCISSEL,2025-07-09 18:24:36-05:00,2025-07-09 18:24:36.000000333-05:00,House,DICKCISSEL_House_20250709-182436,0.9585492014884949,3,1,4,32.4,351.8867784988783,349.956972355174,53
Dickcissel,DICKCISSEL,2025-07-09 18:29:51-05:00,2025-07-09 18:29:51.000000333-05:00,House,DICKCISSEL_House_20250709-182951,0.9564532041549683,3,2,4,32.4,351.8867784988783,349.956972355174,53
Eastern Meadowlark,EASTERNMEADOWLARK,2025-07-09 18:45:18-05:00,2025-07-09 18:45:18.000000333-05:00,House,EASTERNMEADOWLARK_House_20250709-184518,0.956405758857727,3,2,4,31.9,351.6117642782021,348.80674090389937,55
Indigo Bunting,INDIGOBUNTING,2025-07-09 18:33:24-05:00,2025-07-09 18:33:24.000000333-05:00,House,INDIGOBUNTING_House_20250709-183324,0.9561663269996643,3,2,4,31.9,351.6117642782021,348.80674090389937,55
Blue Grosbeak,BLUEGROSBEAK,2025-07-09 18:01:27-05:00,2025-07-09 18:01:27.000000333-05:00,House,BLUEGROSBEAK_House_20250709-180127,0.955779492855072,3,1,4,32.4,351.8867784988783,349.956972355174,53
Dickcissel,DICKCISSEL,2025-07-09 18:29:42-05:00,2025-07-09 18:29:42.000000333-05:00,House,DICKCISSEL_House_20250709-182942,0.9528171420097351,3,2,4,32.4,351.8867784988783,349.956972355174,53
Eastern Meadowlark,EASTERNMEADOWLARK,2025-07-09 18:00:54-05:00,2025-07-09 18:00:54.000002333-05:00,House,EASTERNMEADOWLARK_House_20250709-180054,0.9520108103752136,3,1,4,32.4,351.8867784988783,349.956972355174,53
Indigo Bunting,INDIGOBUNTING,2025-07-09 18:21:12-05:00,2025-07-09 18:21:12.000000333-05:00,House,INDIGOBUNTING_House_20250709-182112,0.9519646763801575,3,1,4,32.4,351.8867784988783,349.956972355174,53
Dickcissel,DICKCISSEL,2025-07-09 18:24:24-05:00,2025-07-09 18:24:24.000000333-05:00,House,DICKCISSEL_House_20250709-182424,0.9514666795730591,3,2,4,32.4,351.8867784988783,349.956972355174,53
Indigo Bunting,INDIGOBUNTING,2025-07-09 18:22:27-05:00,2025-07-09 18:22:27.000000333-05:00,House,INDIGOBUNTING_House_20250709-182227,0.9512863159179688,3,2,4,32.4,351.8867784988783,349.956972355174,53
Blue Grosbeak,BLUEGROSBEAK,2025-07-09 18:14:33-05:00,2025-07-09 18:14:33.000000333-05:00,House,BLUEGROSBEAK_House_20250709-181433,0.9506999850273132,3,1,4,32.4,351.8867784988783,349.956972355174,53
Painted Bunting,PAINTEDBUNTING,2025-07-09 18:48:18-05:00,2025-07-09 18:48:18.000000333-05:00,House,PAINTEDBUNTING_House_20250709-184818,0.950697124004364,3,2,4,31.9,351.6117642782021,348.80674090389937,55
Blue Grosbeak,BLUEGROSBEAK,2025-07-09 18:04:54-05:00,2025-07-09 18:04:54.000000333-05:00,House,BLUEGROSBEAK_House_20250709-180454,0.9497711658477783,3,1,4,32.4,351.8867784988783,349.956972355174,53
Painted Bunting,PAINTEDBUNTING,2025-07-09 18:53:48-05:00,2025-07-09 18:53:48.000000333-05:00,House,PAINTEDBUNTING_House_20250709-185348,0.947587788105011,3,1,4,31.9,351.6117642782021,348.80674090389937,55
Dickcissel,DICKCISSEL,2025-07-09 18:35:27-05:00,2025-07-09 18:35:27.000002333-05:00,House,DICKCISSEL_House_20250709-183527,0.9420676231384277,3,1,4,31.9,351.6117642782021,348.80674090389937,55
Blue Grosbeak,BLUEGROSBEAK,2025-07-09 18:02:48-05:00,2025-07-09 18:02:48.000000333-05:00,House,BLUEGROSBEAK_House_20250709-180248,0.9410893321037292,3,1,4,32.4,351.8867784988783,349.956972355174,53
Indigo Bunting,INDIGOBUNTING,2025-07-09 18:47:45-05:00,2025-07-09 18:47:45.000000333-05:00,House,INDIGOBUNTING_House_20250709-184745,0.9373109936714172,3,2,4,31.9,351.6117642782021,348.80674090389937,55
Indigo Bunting,INDIGOBUNTING,2025-07-09 18:17:42-05:00,2025-07-09 18:17:41.999995333-05:00,House,INDIGOBUNTING_House_20250709-181742,0.9354625344276428,3,1,4,32.4,351.8867784988783,349.956972355174,53
Dickcissel,DICKCISSEL,2025-07-09 18:23:06-05:00,2025-07-09 18:23:06.000000333-05:00,House,DICKCISSEL_House_20250709-182306,0.9313701391220093,3,1,4,32.4,351.8867784988783,349.956972355174,53
Blue Grosbeak,BLUEGROSBEAK,2025-07-09 18:12:06-05:00,2025-07-09 18:12:06.000000333-05:00,House,BLUEGROSBEAK_House_20250709-181206,0.9296867251396179,3,2,4,32.4,351.8867784988783,349.956972355174,53
Blue Grosbeak,BLUEGROSBEAK,2025-07-09 18:04:03-05:00,2025-07-09 18:04:03.000000333-05:00,House,BLUEGROSBEAK_House_20250709-180403,0.9270436763763428,3,1,4,32.4,351.8867784988783,349.956972355174,53
Indigo Bunting,INDIGOBUNTING,2025-07-09 18:31:57-05:00,2025-07-09 18:31:57.000000333-05:00,House,INDIGOBUNTING_House_20250709-183157,0.9243499636650085,3,1,4,31.9,351.6117642782021,348.80674090389937,55
Dickcissel,DICKCISSEL,2025-07-09 18:15:39-05:00,2025-07-09 18:15:39.000000333-05:00,House,DICKCISSEL_House_20250709-181539,0.9241839647293091,3,1,4,32.4,351.8867784988783,349.956972355174,53
Dickcissel,DICKCISSEL,2025-07-09 18:09:54-05:00,2025-07-09 18:09:54.000000333-05:00,House,DICKCISSEL_House_20250709-180954,0.9239800572395325,3,1,4,32.4,351.8867784988783,349.956972355174,53
Eastern Meadowlark,EASTERNMEADOWLARK,2025-07-09 18:00:42-05:00,2025-07-09 18:00:42.000000333-05:00,House,EASTERNMEADOWLARK_House_20250709-180042,0.9216997623443604,3,1,4,32.4,351.8867784988783,349.956972355174,53
Eastern Meadowlark,EASTERNMEADOWLARK,2025-07-09 18:15:06-05:00,2025-07-09 18:15:06.000000333-05:00,House,EASTERNMEADOWLARK_House_20250709-181506,0.915613055229187,3,1,4,32.4,351.8867784988783,349.956972355174,53
Dickcissel,DICKCISSEL,2025-07-09 18:26:30-05:00,2025-07-09 18:26:30.000000333-05:00,House,DICKCISSEL_House_20250709-182630,0.9149343967437744,3,1,4,32.4,351.8867784988783,349.956972355174,53
Eastern Meadowlark,EASTERNMEADOWLARK,2025-07-09 18:16:36-05:00,2025-07-09 18:16:36.000000333-05:00,House,EASTERNMEADOWLARK_House_20250709-181636,0.9133270978927612,3,2,4,32.4,351.8867784988783,349.956972355174,53
Blue Grosbeak,BLUEGROSBEAK,2025-07-09 18:05:18-05:00,2025-07-09 18:05:18.000000333-05:00,House,BLUEGROSBEAK_House_20250709-180518,0.9105547666549683,3,2,4,32.4,351.8867784988783,349.956972355174,53
Eastern Meadowlark,EASTERNMEADOWLARK,2025-07-09 18:44:39-05:00,2025-07-09 18:44:39.000000333-05:00,House,EASTERNMEADOWLARK_House_20250709-184439,0.9010359048843384,3,1,4,31.9,351.6117642782021,348.80674090389937,55
