recorder,recorder_group,begin,end,status,mount,height_above_ground,longitude,latitude,elevation_m,z
BARLT_00008099,House,2023-10-24 00:00:00-05:00,,active,post,1,-93.48943585,33.74824018,56.82936477661133,57.82936477661133
BARLT_00008604,House,2023-10-24 00:00:00-05:00,,active,post,1,-93.48981722,33.74827889,58.317386627197266,59.317386627197266
BARLT_00008634,House,2023-11-10 00:00:00-06:00,,active,post,1,-93.48979528,33.74862134,57.62329864501953,58.62329864501953
BARLT_00008662,House,2023-10-24 00:00:00-05:00,,active,post,1,-93.48940011,33.74860249,55.57952880859375,56.57952880859375
S4A20233,House,2024-07-13 00:00:00-05:00,2025-08-11 00:00:00-05:00,decomissioned,tree,7,-93.49,33.74853,58.69504928588867,65.69504928588867
S4A20234,House,2023-05-31 00:00:00-05:00,2023-07-11 00:00:00-05:00,decomissioned,tree base,1,-93.49002,33.74847,58.78326416015625,59.78326416015625
S4A20238,House,2023-05-31 00:00:00-05:00,2023-06-27 00:00:00-05:00,decomissioned,,1,-93.48937,33.74827,56.46767807006836,57.46767807006836
S4A20239,House,2023-05-31 00:00:00-05:00,2023-07-11 00:00:00-05:00,decomissioned,,1,-93.48965,33.74876,55.95568084716797,56.95568084716797
S4A20244,House,2023-06-01 00:00:00-05:00,2023-07-11 00:00:00-05:00,decomissioned,,1,-93.48985,33.74807,57.73765563964844,58.73765563964844
BARLT_00018081,House,2026-05-27 00:00:00-05:00,,active,tree,4,-93.4900021,33.7485009,58.782657623291016,62.782657623291016
BARLT_00018124,House,2026-09-09 00:00:00-05:00,,active,elevated pole,7,-93.4893107,33.7480977,56.07178497314453,63.07178497314453
