common_name,recorder_group,call_datetime,mean_error,x,y,z,n_recorders
Painted Bunting,House,2025-07-09 18:46:30.000000333-05:00,6.582622317600576e-10,454580.4565147439,3734357.3731954903,102.96525950721806,4
Painted Bunting,House,2025-07-09 18:53:27.000000333-05:00,0.00011148893518421928,454566.013128644,3734358.165875858,109.81452830046669,4
Painted Bunting,House,2025-07-09 18:51:59.999995333-05:00,6.61369242693823e-05,454598.2258737202,3734357.181907914,90.09653468768008,4
Painted Bunting,House,2025-07-09 18:51:45.000000333-05:00,5.668803966420166e-05,454599.3343639285,3734357.5064826715,89.1136181445955,4
Painted Bunting,House,2025-07-09 18:54:09.000000333-05:00,0.0010657603171475238,454543.1629293705,3734354.7200487074,129.82470496035197,4
Painted Bunting,House,2025-07-09 18:52:42.000000333-05:00,0.00020030239187793694,454594.73059940117,3734358.7623593668,91.93134703436753,4
Painted Bunting,House,2025-07-09 18:44:21.000000333-05:00,1.8875063595436004e-09,454637.06259976013,3734310.8136788975,96.31802610750307,4
Painted Bunting,House,2025-07-09 18:53:06.000000333-05:00,0.01797975739227732,454612.3905105552,3734371.3714059005,58.620768173135204,4
Painted Bunting,House,2025-07-09 18:55:15.000000333-05:00,0.009911742457089609,454556.61006793974,3734350.815439215,134.3173866251162,4
Painted Bunting,House,2025-07-09 18:52:48.000000333-05:00,9.637253552134221e-05,454589.8972742351,3734357.5466568875,95.98120550983828,4
Painted Bunting,House,2025-07-09 18:45:15.000000333-05:00,5.66854448841303e-06,454583.7098465753,3734358.109973948,100.4979597813402,4
Painted Bunting,House,2025-07-09 18:46:36.000000333-05:00,6.046859068476832e-05,454582.5102517582,3734357.860522558,101.47747269650337,4
Painted Bunting,House,2025-07-09 18:44:42.000000333-05:00,5.6690061962738625e-05,454582.8606849686,3734357.8053705455,101.15881205763682,4
Painted Bunting,House,2025-07-09 18:51:18.000000333-05:00,7.936465941143593e-05,454599.0880539413,3734357.439091561,89.29452287645057,4
Painted Bunting,House,2025-07-09 18:46:48.000000333-05:00,5.4798852884975026e-05,454581.98425425333,3734357.7064217613,101.84718697081028,4
Painted Bunting,House,2025-07-09 18:45:51.000000333-05:00,1.0610764489271673e-09,454583.84901574714,3734358.0100220754,100.48881817938825,4
Eastern Meadowlark,House,2025-07-09 18:18:21.000000333-05:00,5.001511743651932e-08,454642.9274416523,3734339.3330288664,60.67800512009053,3
Painted Bunting,House,2025-07-09 18:50:59.999995333-05:00,5.479838849810348e-05,454599.68786227226,3734357.5854719905,88.76229253257783,4
Painted Bunting,House,2025-07-09 18:44:36.000000333-05:00,6.613737634618884e-05,454636.8968023304,3734310.3840395035,96.68717271607211,4
Painted Bunting,House,2025-07-09 18:48:00.000000333-05:00,5.857856695770195e-05,454578.49882529856,3734356.966219766,104.68849125743937,4
Painted Bunting,House,2025-07-09 18:45:45.000000333-05:00,5.857909925487589e-05,454582.4389042987,3734357.740059372,101.23924553418486,4
Painted Bunting,House,2025-07-09 18:52:57.000000333-05:00,8.314465935566988e-05,454590.0222471624,3734357.5142395766,95.96335253707034,4
Painted Bunting,House,2025-07-09 18:57:03.000000333-05:00,0.00017006909690242544,454543.93369696726,3734354.443651639,125.42350550565769,4
Painted Bunting,House,2025-07-09 18:47:30.000000333-05:00,6.235855802329271e-05,454580.1892753222,3734357.339439968,103.09933467116483,4
Painted Bunting,House,2025-07-09 18:47:18.000000333-05:00,5.668835858620158e-05,454582.73482988053,3734357.8722801264,101.3768166596903,4
Painted Bunting,House,2025-07-09 18:45:09.000000333-05:00,5.4799642592089547e-05,454586.3931002301,3734358.565217912,98.37552496191356,4
Painted Bunting,House,2025-07-09 18:53:59.999995333-05:00,0.00021768622143277793,454567.0804111042,3734358.31482844,108.40681745473388,4
Painted Bunting,House,2025-07-09 18:55:36.000000333-05:00,0.007651777329684703,454606.86572397983,3734369.96853045,59.41635522355079,4
Painted Bunting,House,2025-07-09 18:45:36.000000333-05:00,5.102017497399247e-05,454582.4988954275,3734357.718827699,101.17635674961669,4
Painted Bunting,House,2025-07-09 18:51:21.000000333-05:00,7.936403784407353e-05,454599.0655689428,3734357.412564979,89.4025748581994,4
Blue Grosbeak,House,2025-07-09 18:03:59.999996333-05:00,0.0006811926740991452,454621.9377451749,3734376.9651868623,61.83334547623139,4
Painted Bunting,House,2025-07-09 18:51:48.000000333-05:00,5.668821487483008e-05,454599.3123367292,3734357.4801571197,89.2210438636816,4
Painted Bunting,House,2025-07-09 18:44:30.000000333-05:00,2.617906354659046e-11,454584.18845408177,3734358.094219232,99.94927804605891,4
Painted Bunting,House,2025-07-09 18:45:00.000000333-05:00,5.4800254975580685e-05,454585.85736566,3734358.45305092,98.94739387960108,4
Painted Bunting,House,2025-07-09 18:53:50.999995333-05:00,6.613694472606957e-05,454563.32585928653,3734357.5532942326,111.43920694292495,4
Painted Bunting,House,2025-07-09 18:53:42.000000333-05:00,0.00010582059501694034,454567.46260312153,3734358.412588031,108.69407757763832,4
Painted Bunting,House,2025-07-09 18:52:51.000000333-05:00,0.0002777784024027702,454592.20396082767,3734358.154227667,94.45166202963495,4
Painted Bunting,House,2025-07-09 18:45:20.999995333-05:00,0.0007451076580582,454606.67564966826,3734360.851190577,60.30328865838743,4
Dickcissel,House,2025-07-09 18:28:27.000000333-05:00,4.5321090630379146e-10,454669.48203704203,3734374.9989538984,86.63348259280548,4
Painted Bunting,House,2025-07-09 18:46:09.000000333-05:00,1.5642998285603227e-09,454581.9817269237,3734357.7361678877,101.77819781881212,4
Dickcissel,House,2025-07-09 18:28:09.000000333-05:00,6.613798643097014e-05,454668.6259738155,3734374.7608088595,83.76799930101247,4
Dickcissel,House,2025-07-09 18:30:48.000000333-05:00,6.0468183981569425e-05,454670.9712373582,3734375.47139469,89.29492111270487,4
Dickcissel,House,2025-07-09 18:28:24.000000333-05:00,6.236419364266203e-05,454668.9143943247,3734374.8664925173,84.84381079398395,4
Painted Bunting,House,2025-07-09 18:50:45.000000333-05:00,5.668976034420292e-06,454598.7316361504,3734357.309059581,89.51357488659167,4
Scissor-tailed Flycatcher,House,2025-07-09 18:54:30.000000333-05:00,0.0032359547209421247,454769.4354802559,3734522.498253099,134.31738662659737,4
Dickcissel,House,2025-07-09 18:27:09.000000333-05:00,6.61379228501698e-05,454669.5154178899,3734374.7272471716,85.70154331571317,4
Painted Bunting,House,2025-07-09 18:52:21.000000333-05:00,6.235957407435082e-05,454589.62576032634,3734357.468242476,96.23902768086336,4
Dickcissel,House,2025-07-09 18:27:45.000000333-05:00,5.669507844190125e-06,454668.90216130315,3734374.8036660007,84.70270546901294,4
Dickcissel,House,2025-07-09 18:28:21.000000333-05:00,6.236256068934316e-05,454668.7759385643,3734374.8463978255,84.49216440936634,4
Painted Bunting,House,2025-07-09 18:51:33.000000333-05:00,6.235855754297785e-05,454598.5816828839,3734357.238162968,89.73027551583867,4
Painted Bunting,House,2025-07-09 18:44:33.000000333-05:00,5.669022310967701e-05,454583.78954530414,3734358.063209988,100.17895719126413,4
Dickcissel,House,2025-07-09 18:16:30.000000333-05:00,0.000668179698208112,454679.27546377765,3734389.9553698925,56.176584370321486,4
Dickcissel,House,2025-07-09 18:36:27.000000333-05:00,9.324690047884943e-10,454566.6475318464,3734333.786462227,91.65012720001681,4
Indigo Bunting,House,2025-07-09 18:34:18.000000333-05:00,0.0008680726544853372,454661.2868185758,3734338.9062935617,58.66332380564235,4
Painted Bunting,House,2025-07-09 18:47:33.000000333-05:00,5.669021816044617e-05,454580.1424243738,3734357.3061808795,103.22319394759,4
Indigo Bunting,House,2025-07-09 18:21:56.999998-05:00,0.0002958399264495713,454659.4093049765,3734338.0922070914,58.8705057231996,4
Eastern Meadowlark,House,2025-07-09 18:13:06.000000333-05:00,6.047093397681715e-05,454641.1383860487,3734336.216153985,70.48114435924958,4
Dickcissel,House,2025-07-09 18:24:18.000000333-05:00,4.172104095071886e-09,454681.1634830228,3734382.6566004385,61.494894911288355,4
Eastern Meadowlark,House,2025-07-09 18:01:00.000000333-05:00,0.0003198992151661149,454619.17681302415,3734381.474407117,60.3224416639627,4
Dickcissel,House,2025-07-09 18:26:57.000000333-05:00,5.101934054463353e-05,454681.8560911343,3734383.0911059496,62.431850212613156,4
Dickcissel,House,2025-07-09 18:29:03.000000333-05:00,6.0469081917806367e-05,454669.1873577327,3734375.191441917,84.74661607041948,4
Blue Grosbeak,House,2025-07-09 18:14:18.000000333-05:00,0.05970635867495401,454663.900359036,3734395.784470983,56.49075351230314,4
Eastern Meadowlark,House,2025-07-09 18:02:57.000000333-05:00,0.00044732638303909833,454619.14009098307,3734381.5228991215,60.329574468198366,4
Blue Grosbeak,House,2025-07-09 18:04:20.999995333-05:00,0.0006817160256432411,454622.00696587254,3734376.9818875683,61.82438684353465,4
Eastern Meadowlark,House,2025-07-09 18:01:15.000000333-05:00,0.00041409063704127513,454619.02647127025,3734381.499804028,60.347656428071645,4
Indigo Bunting,House,2025-07-09 18:18:03.000000333-05:00,0.00014088706848308882,454659.42321720184,3734337.6448819744,58.88705112779444,4
Dickcissel,House,2025-07-09 18:30:00.000000333-05:00,2.602963654803799e-10,454670.86731390795,3734375.520917287,89.14742284731686,4
Eastern Meadowlark,House,2025-07-09 18:14:12.000000333-05:00,5.6688483150271286e-05,454640.8543854278,3734335.7562759593,71.06868536394816,4
Indigo Bunting,House,2025-07-09 18:49:12.000000333-05:00,4.91314630843472e-05,454635.3118578478,3734310.6976064215,96.29959896156947,4
Painted Bunting,House,2025-07-09 18:53:56.999995333-05:00,0.0007445204812813929,454550.54854736937,3734355.531692283,121.32429735541922,4
Dickcissel,House,2025-07-09 18:37:42.000000333-05:00,6.046756436263456e-05,454671.88847662084,3734393.984644255,65.19209658800602,4
Eastern Meadowlark,House,2025-07-09 18:43:21.000000333-05:00,5.669477661928342e-06,454637.8358292387,3734313.4556428064,94.02014489408542,4
Painted Bunting,House,2025-07-09 18:52:27.000000333-05:00,0.0003877557011687738,454592.40977407154,3734358.228981637,94.17317847092195,4
Dickcissel,House,2025-07-09 18:30:12.000000333-05:00,6.235823864352702e-05,454670.1608438937,3734375.286406216,87.13717309072383,4
Indigo Bunting,House,2025-07-09 18:19:06.000000333-05:00,0.00014263887476974554,454659.38168739027,3734337.7362918165,58.90201126094553,4
Dickcissel,House,2025-07-09 18:27:54.000000333-05:00,7.041480500532179e-10,454668.81872848276,3734374.8040365456,84.65931278735941,4
Eastern Meadowlark,House,2025-07-09 18:19:42.000000333-05:00,0.0012005886152736678,454678.2238836114,3734389.660461633,56.25220556797701,4
Indigo Bunting,House,2025-07-09 18:18:54.000000333-05:00,9.27157685853032e-05,454659.3193937901,3734337.9611912873,58.87161241313428,4
Painted Bunting,House,2025-07-09 18:46:57.000000333-05:00,0.011348918799488378,454629.6811270772,3734366.336478469,58.68054971933713,4
Dickcissel,House,2025-07-09 18:30:21.000000333-05:00,7.183260907391483e-10,454670.54365705873,3734375.4106352497,88.28782516086255,4
Painted Bunting,House,2025-07-09 18:52:30.000000333-05:00,0.0003628126356158945,454593.03363523586,3734358.3424399504,93.89500319167202,4
Dickcissel,House,2025-07-09 18:29:36.000000333-05:00,6.802763071257489e-05,454670.91669073043,3734375.4530644543,89.45839664742822,4
Dickcissel,House,2025-07-09 18:29:24.000000333-05:00,6.613800049241891e-05,454670.85398253624,3734375.4955848805,89.32473158561537,4
Eastern Meadowlark,House,2025-07-09 18:02:12.000000333-05:00,0.010792383507709058,454633.0512383294,3734357.8610325838,59.13993629152807,4
Painted Bunting,House,2025-07-09 18:45:59.999995333-05:00,6.235908688781895e-05,454636.4124903407,3734307.948232295,98.58674720740002,4
Eastern Meadowlark,House,2025-07-09 18:01:51.000000333-05:00,0.0004184638320735556,454618.83766985516,3734381.55442279,60.35150018047494,4
Indigo Bunting,House,2025-07-09 18:20:14.999998-05:00,0.00012566456556066993,454659.3489208997,3734338.1264278227,58.902194671210985,4
Dickcissel,House,2025-07-09 18:29:30.000000333-05:00,5.66893034288247e-05,454669.7611850942,3734375.2051085383,86.08882047597584,4
Blue Grosbeak,House,2025-07-09 18:05:48.000000333-05:00,0.0005696949255404223,454622.6649227623,3734377.5089342473,61.35357161075516,4
Dickcissel,House,2025-07-09 18:30:06.000000333-05:00,6.802680780966287e-05,454671.02340432565,3734375.4920734945,89.68878478310643,4
Dickcissel,House,2025-07-09 18:24:09.000000333-05:00,9.448401616515834e-05,454680.9081462978,3734382.559780073,61.02570414069857,4
Dickcissel,House,2025-07-09 18:23:57.000000333-05:00,6.6050644467741115e-09,454680.9805899438,3734382.4786196924,61.07456596653615,4
Eastern Meadowlark,House,2025-07-09 18:43:45.000000333-05:00,6.046828098054772e-05,454637.78523486556,3734313.35142815,94.0836195639966,4
Dickcissel,House,2025-07-09 18:30:39.000000333-05:00,5.063784738745802e-10,454671.2111603761,3734375.5807567253,90.03857391707363,4
Dickcissel,House,2025-07-09 18:30:27.000000333-05:00,7.369565943630742e-05,454671.01973852783,3734375.559395322,89.68084131798895,4
Indigo Bunting,House,2025-07-09 18:50:50.999995333-05:00,4.5352670490481084e-05,454634.26971196634,3734306.877003362,99.44420797795792,4
Eastern Meadowlark,House,2025-07-09 18:19:36.000000333-05:00,6.235638470270255e-05,454640.7289996708,3734334.503372228,72.98011254059372,4
Blue Grosbeak,House,2025-07-09 18:07:51.000000333-05:00,0.0008385308046933946,454622.76613254735,3734377.517883783,61.281191043272244,4
Dickcissel,House,2025-07-09 18:30:33.000000333-05:00,6.046862821627863e-05,454670.5429999535,3734375.4076340413,88.16104272540639,4
Eastern Meadowlark,House,2025-07-09 18:44:09.000000333-05:00,6.046856230201384e-05,454637.4153865009,3734312.260534051,94.85521754903905,4
Dickcissel,House,2025-07-09 18:28:00.000000333-05:00,5.671006639678307e-06,454668.63634946337,3734375.0147846364,84.0889045327681,4
Blue Grosbeak,House,2025-07-09 18:11:00.000000333-05:00,0.0007147132174880992,454623.13638003444,3734377.2847018666,61.39009620116571,4
Dickcissel,House,2025-07-09 18:29:54.000000333-05:00,6.80275390150022e-05,454670.31183433934,3734375.3907504915,87.61219252485755,4
Dickcissel,House,2025-07-09 18:30:51.000000333-05:00,6.046865471912253e-05,454671.08255686366,3734375.4862624435,89.52048180098507,4
Dickcissel,House,2025-07-09 18:29:12.000000333-05:00,6.235863105540317e-05,454670.35631982976,3734375.4685967243,88.15487529928434,4
Dickcissel,House,2025-07-09 18:29:18.000000333-05:00,6.046874360538199e-05,454669.90971652017,3734375.29344826,86.83302845785447,4
Dickcissel,House,2025-07-09 18:29:48.000000333-05:00,5.669482513998477e-06,454670.6111993046,3734375.4213257264,88.44306792823684,4
Dickcissel,House,2025-07-09 18:35:33.000000333-05:00,0.03845229038806133,454641.4579698042,3734378.2684878176,60.95280401111919,4
Eastern Meadowlark,House,2025-07-09 18:21:06.000000333-05:00,0.0003968258909238682,454641.0762003181,3734335.0098148594,72.49571701446949,4
Dickcissel,House,2025-07-09 18:28:36.000000333-05:00,6.235812322850688e-05,454669.2757360849,3734374.8487729602,86.10772758079723,4
Dickcissel,House,2025-07-09 18:25:12.000000333-05:00,5.66904620987833e-06,454681.63391761796,3734382.8540865392,61.88153242254505,4
Dickcissel,House,2025-07-09 18:29:09.000000333-05:00,5.675208328584831e-06,454669.6955562293,3734375.3056447925,86.22231977200919,4
Indigo Bunting,House,2025-07-09 18:21:42.000000333-05:00,0.00031337316755399605,454659.24403423205,3734338.349508742,58.901323739532934,4
Indigo Bunting,House,2025-07-09 18:48:45.000000333-05:00,5.1019660227543305e-05,454635.6607576937,3734311.7293009157,95.37570713196253,4
Eastern Meadowlark,House,2025-07-09 18:44:24.000000333-05:00,2.0188824917388715e-09,454637.13473444025,3734310.863735205,96.26964623522795,4
Eastern Meadowlark,House,2025-07-09 18:43:33.000000333-05:00,6.61373736211927e-05,454637.4744353662,3734312.1034159544,95.00367846822981,4
Dickcissel,House,2025-07-09 18:30:57.000000333-05:00,7.170120423320251e-10,454671.707859326,3734375.640005154,91.24224325458304,4
Eastern Meadowlark,House,2025-07-09 18:45:06.000000333-05:00,6.613738241189697e-05,454636.6985097334,3734309.466862469,97.34616226413424,4
Indigo Bunting,House,2025-07-09 18:33:12.000000333-05:00,0.0006792245313153958,454661.3262240667,3734338.7163422066,58.70354751019559,4
Blue Grosbeak,House,2025-07-09 18:15:03.000000333-05:00,0.0006198037105302016,454624.56651635683,3734375.970526469,58.670621160938886,3
Dickcissel,House,2025-07-09 18:28:51.000000333-05:00,5.669233024907054e-06,454669.8627544959,3734375.1004427327,87.68139985338875,4
Indigo Bunting,House,2025-07-09 18:48:21.000000333-05:00,5.102127015503092e-05,454635.4491715598,3734311.348396044,95.79569066167655,4
Indigo Bunting,House,2025-07-09 18:48:57.000000333-05:00,4.913071665452647e-05,454635.5949771906,3734311.667359217,95.45294307315874,4
Dickcissel,House,2025-07-09 18:30:18.000000333-05:00,6.23584982800222e-05,454670.40670255927,3734375.349356883,87.62971885548036,4
Indigo Bunting,House,2025-07-09 18:32:57.000000333-05:00,0.0008048833106770355,454661.25010774645,3734338.866958603,58.669932711406034,4
Dickcissel,House,2025-07-09 18:35:54.000000333-05:00,3.4955043637374673e-09,454568.62839950155,3734334.6034747725,90.67535113103041,4
Indigo Bunting,House,2025-07-09 18:50:12.000000333-05:00,4.535095355763056e-05,454634.963990885,3734309.253010943,97.65278435003096,4
Indigo Bunting,House,2025-07-09 18:49:39.000000333-05:00,4.913146843631607e-05,454635.026735486,3734309.636993242,97.24270012412292,4
Eastern Meadowlark,House,2025-07-09 18:15:09.000000333-05:00,0.028780641691207674,454647.65929426585,3734342.3517472055,57.25626956069062,4
Dickcissel,House,2025-07-09 18:24:21.000000333-05:00,3.5923893489571887e-09,454681.2250170432,3734382.6681661285,61.52922704192562,4
Painted Bunting,House,2025-07-09 18:52:09.000000333-05:00,0.00040600518833155963,454972.04392869934,3734426.3426728738,51.5795288085938,4
Dickcissel,House,2025-07-09 18:29:15.000000333-05:00,6.235862762685174e-05,454670.5575912532,3734375.5102109797,88.61904724356745,4
Indigo Bunting,House,2025-07-09 18:49:27.000000333-05:00,4.913142811775739e-05,454635.12592375115,3734309.9750504503,96.9108663764362,4
Eastern Meadowlark,House,2025-07-09 18:45:30.000000333-05:00,6.613624997705662e-05,454636.0719683865,3734306.782691872,99.24725536195473,4
Painted Bunting,House,2025-07-09 18:49:36.000000333-05:00,4.9130179266188935e-05,454635.0106602303,3734309.728616113,97.16813379137201,4
Indigo Bunting,House,2025-07-09 18:50:00.000000333-05:00,4.913085474512561e-05,454634.750017608,3734308.710166531,98.02915690011699,4
Indigo Bunting,House,2025-07-09 18:20:27.000000333-05:00,0.00015264477420607928,454659.3534941044,3734338.1384661305,58.8987137645266,4
Indigo Bunting,House,2025-07-09 18:48:33.000000333-05:00,5.101970876745613e-05,454635.47099242243,3734311.468647505,95.72297000694206,4
Painted Bunting,House,2025-07-09 18:47:57.000000333-05:00,5.85792290694979e-05,454635.6510971035,3734311.936948504,95.21812136008074,4
Dickcissel,House,2025-07-09 18:28:12.000000333-05:00,4.535074507282799e-05,454668.77575912484,3734374.828466736,84.39652677078774,4
Indigo Bunting,House,2025-07-09 18:22:12.000000333-05:00,0.00034508703234748553,454659.2430530237,3734338.3876573937,58.94185970468867,4
Indigo Bunting,House,2025-07-09 18:49:48.000000333-05:00,4.9130537140400686e-05,454635.0280164152,3734309.7388368626,97.21184732544555,4
Dickcissel,House,2025-07-09 18:28:57.000000333-05:00,3.9942146349651136e-10,454669.6420224555,3734375.15307701,86.64608748766102,4
Indigo Bunting,House,2025-07-09 18:49:00.000000333-05:00,4.535179838328444e-05,454635.63228957326,3734311.5416652164,95.63921127951266,4
Dickcissel,House,2025-07-09 18:30:45.000000333-05:00,6.613685040251366e-05,454671.7821918471,3734375.6600231477,91.49575135881217,4
Indigo Bunting,House,2025-07-09 18:50:24.000000333-05:00,4.535099561629267e-05,454634.5248285372,3734307.8878315804,98.60507489151492,4
Dickcissel,House,2025-07-09 18:28:15.000000333-05:00,6.235903719021875e-05,454669.06977684377,3734374.874283641,85.32558306796024,4
Indigo Bunting,House,2025-07-09 18:10:21.000000333-05:00,9.61608089452189e-10,454595.70007050433,3734341.921842437,73.04289734914418,4
Blue Grosbeak,House,2025-07-09 18:52:06.000000333-05:00,7.7476457976224e-05,454608.0146456329,3734359.0261006798,84.22746100262943,4
Indigo Bunting,House,2025-07-09 18:21:54.000000333-05:00,0.00018463027466486653,454659.4227707199,3734338.08302743,58.90494522521235,4
Indigo Bunting,House,2025-07-09 18:32:33.000000333-05:00,0.0009620602088427412,454661.28120320674,3734338.8585031927,58.78642146579111,4
Painted Bunting,House,2025-07-09 18:46:03.000000333-05:00,5.8578801381196456e-05,454583.33513610216,3734357.8965052627,100.98220383798241,4
Eastern Meadowlark,House,2025-07-09 18:43:57.000000333-05:00,6.613697217542254e-05,454637.7930923616,3734313.243830422,94.25295403009154,4
Painted Bunting,House,2025-07-09 18:54:54.000000333-05:00,0.004033950142449005,454528.08620908955,3734346.8096669954,134.31738662718615,4
Painted Bunting,House,2025-07-09 18:54:18.000000333-05:00,0.0007539674066679575,454577.2933540296,3734361.0239582486,98.28086598648669,4
Painted Bunting,House,2025-07-09 18:56:51.000000333-05:00,0.05483558294871308,454659.59381162096,3734342.210809774,58.85482869638802,4
Dickcissel,House,2025-07-09 18:11:57.000000333-05:00,0.0009043324933501934,454678.65206818137,3734389.338554265,56.22211191538344,4
Dickcissel,House,2025-07-09 18:26:36.000000333-05:00,3.968104221267523e-05,454681.45479451487,3734382.799241551,61.755029955549105,4
Painted Bunting,House,2025-07-09 18:45:39.000000333-05:00,5.102079544132739e-05,454582.21117546153,3734357.632129158,101.47580878837172,4
Painted Bunting,House,2025-07-09 18:46:20.999995333-05:00,5.6689134768292404e-05,454582.20324305166,3734357.710670376,101.52483392665144,4
Scissor-tailed Flycatcher,House,2025-07-09 18:54:27.000000333-05:00,0.000568782600746572,454769.5068887382,3734645.91292086,98.33163132827434,4
Dickcissel,House,2025-07-09 18:25:03.000000333-05:00,0.00016628868548094802,454681.3209263133,3734382.7514394657,61.33139045534828,4
Painted Bunting,House,2025-07-09 18:45:03.000000333-05:00,6.046906500528174e-05,454636.4694287986,3734309.122958931,97.61671816766841,4
Painted Bunting,House,2025-07-09 18:52:33.000000333-05:00,0.0005177627845739016,454590.01643604564,3734357.4048397667,96.63292933530322,4
Painted Bunting,House,2025-07-09 18:47:06.000000333-05:00,6.679838765455415e-10,454579.6627603925,3734357.21668509,103.58486406660185,4
Painted Bunting,House,2025-07-09 18:55:03.000000333-05:00,0.024095214000321254,454587.95131068985,3734325.7587389527,134.3173866270336,4
Painted Bunting,House,2025-07-09 18:45:53.999995333-05:00,5.668989641565333e-05,454582.8009233259,3734357.791077117,101.30115620959167,4
Painted Bunting,House,2025-07-09 18:46:39.000000333-05:00,5.6689134087378745e-05,454582.3548486352,3734357.8171571153,101.69927288948551,4
Painted Bunting,House,2025-07-09 18:54:45.000000333-05:00,0.0014493570944962841,454583.8200669021,3734361.0649818694,93.81157958782941,4
Dickcissel,House,2025-07-09 18:25:45.000000333-05:00,0.000136054659378775,454681.9057322898,3734383.0814754907,62.23900012784897,4
Painted Bunting,House,2025-07-09 18:54:48.000000333-05:00,0.0033106589158982728,454603.074083623,3734365.4499711185,83.76203119360473,4
Painted Bunting,House,2025-07-09 18:53:36.000000333-05:00,6.575901019989505e-05,454568.97419422434,3734358.606541157,108.19313875627776,4
Dickcissel,House,2025-07-09 18:25:42.000000333-05:00,6.802746808808278e-05,454681.7490170514,3734383.0181958796,62.19289681910311,4
Painted Bunting,House,2025-07-09 18:57:00.000000333-05:00,1.1337774442710114e-05,454549.85837211326,3734355.4176211916,120.52360728552978,4
Eastern Meadowlark,House,2025-07-09 18:02:30.000000333-05:00,0.0011239758219322895,454619.1023078105,3734381.794754762,60.27559127994762,4
Eastern Meadowlark,House,2025-07-09 18:20:24.000000333-05:00,5.669338757274128e-05,454640.5783278375,3734333.9024656513,73.6353914309603,4
Dickcissel,House,2025-07-09 18:17:18.000000333-05:00,0.000798276683050316,454679.4649126507,3734389.9938360373,56.17612598425444,4
Dickcissel,House,2025-07-09 18:20:12.000000333-05:00,0.0010081864869734651,454678.54144290753,3734389.609324708,56.213919939039506,4
Dickcissel,House,2025-07-09 18:10:39.000000333-05:00,0.0010626103261172526,454679.15511451976,3734389.6839651368,56.170318664346134,4
Dickcissel,House,2025-07-09 18:19:51.000000333-05:00,0.0006168086278149215,454679.91353384126,3734390.3575499,56.129610068239955,4
Blue Grosbeak,House,2025-07-09 18:10:24.000000333-05:00,0.0010056359141234043,454622.8993326931,3734377.5245500025,61.259851275901156,4
Dickcissel,House,2025-07-09 18:18:24.000000333-05:00,0.0007300928073534588,454679.8199945643,3734390.343945716,56.112813060736016,4
Dickcissel,House,2025-07-09 18:12:42.000000333-05:00,0.0008682984409570174,454679.32910452737,3734390.025362191,56.18983978926846,4
Painted Bunting,House,2025-07-09 18:53:03.000000333-05:00,5.1021172665845216e-05,454595.1559260212,3734358.974750217,90.3820845794492,4
Painted Bunting,House,2025-07-09 18:44:51.000000333-05:00,0.020311815437930897,454603.0624652732,3734303.8323939373,134.31738662699962,4
Dickcissel,House,2025-07-09 18:18:00.000000333-05:00,0.0006553759980645798,454679.7035393543,3734390.1902755764,56.12943568740731,4
Indigo Bunting,House,2025-07-09 18:21:15.000000333-05:00,0.00024687429952648804,454659.33852024877,3734338.25121677,58.89301997335905,4
Dickcissel,House,2025-07-09 18:25:39.000000333-05:00,0.00011526897124256492,454682.1643981135,3734383.2137364387,62.498097086182256,4
Dickcissel,House,2025-07-09 18:25:54.000000333-05:00,5.480146813091844e-05,454681.6535138086,3734382.934445875,61.97804896270377,4
Dickcissel,House,2025-07-09 18:25:48.000000333-05:00,7.56111437069662e-06,454681.64613201877,3734382.9809597745,61.96545571525837,4
Dickcissel,House,2025-07-09 18:20:03.000000333-05:00,6.235552350558615e-05,454640.59051849874,3734334.0110219233,73.43878211908691,4
Dickcissel,House,2025-07-09 18:13:30.000000333-05:00,0.02883018227652398,454647.6553599307,3734342.320234326,57.253180938376566,4
Dickcissel,House,2025-07-09 18:26:06.000000333-05:00,5.668835294694632e-05,454681.68794971856,3734382.816390011,61.91678022931197,4
Dickcissel,House,2025-07-09 18:20:36.000000333-05:00,0.0008387465629213942,454679.915869817,3734390.3860375057,56.148421634034456,4
Dickcissel,House,2025-07-09 18:20:48.000000333-05:00,0.0008575047161024548,454678.7158313723,3734389.6870777416,56.205985657266716,4
Blue Grosbeak,House,2025-07-09 18:07:03.000000333-05:00,0.0008630552307787078,454622.6176742259,3734377.4111375567,61.412209931978616,4
Dickcissel,House,2025-07-09 18:19:57.000000333-05:00,0.02731799946054476,454676.6641090598,3734361.313801893,51.57952885039736,4
Dickcissel,House,2025-07-09 18:26:00.000000333-05:00,0.00018518650882062143,454681.55289566616,3734382.7948489604,61.796016205854635,4
Painted Bunting,House,2025-07-09 18:54:36.000000333-05:00,6.575909626794773e-05,454558.979482013,3734356.7385889245,115.57270728556695,4
Dickcissel,House,2025-07-09 18:24:45.000000333-05:00,5.670912360732546e-06,454681.5370459639,3734382.7980160736,61.717256751456375,4
Painted Bunting,House,2025-07-09 18:46:54.000000333-05:00,0.04499249858425652,454666.9169044892,3734391.364584315,56.67732274228034,4
Blue Grosbeak,House,2025-07-09 18:12:21.000000333-05:00,0.0009496113198217998,454623.1625578936,3734377.3228762182,61.36995164293099,4
Dickcissel,House,2025-07-09 18:39:00.000000333-05:00,5.66955180495779e-05,454672.0966339883,3734394.178392163,65.27641874974779,4
Indigo Bunting,House,2025-07-09 18:20:45.000000333-05:00,0.00018634540635635693,454659.3734555002,3734338.2062855675,59.030315676880676,4
Dickcissel,House,2025-07-09 18:11:30.000000333-05:00,0.0007924140928921714,454678.7520882854,3734389.402800092,56.198172440487035,4
Dickcissel,House,2025-07-09 18:17:45.000000333-05:00,0.0009520945545339101,454678.4633058398,3734389.5046441355,56.22156306346198,4
Dickcissel,House,2025-07-09 18:24:51.000000333-05:00,6.046795261405632e-05,454681.31289052696,3734382.659539404,61.494427962558866,4
Dickcissel,House,2025-07-09 18:25:06.000000333-05:00,5.6683167574076805e-06,454681.37810848665,3734382.766588516,61.589818551781704,4
Dickcissel,House,2025-07-09 18:26:42.000000333-05:00,5.669745265925175e-06,454681.4742828302,3734382.777410555,61.67566076058033,4
Indigo Bunting,House,2025-07-09 18:22:14.999995333-05:00,0.0003471252610158943,454659.2666357971,3734338.366379288,58.943650243950344,4
Painted Bunting,House,2025-07-09 18:52:36.000000333-05:00,0.0005177632887541547,454589.8074836776,3734357.328989798,96.87179179455312,4
Indigo Bunting,House,2025-07-09 18:22:56.999995333-05:00,0.0005271844628344478,454659.1998113198,3734338.3391552744,58.91762877085796,4
Dickcissel,House,2025-07-09 18:24:02.999995333-05:00,5.671404783501773e-06,454681.0297250393,3734382.519439192,61.137440791469075,4
Dickcissel,House,2025-07-09 18:35:42.000002333-05:00,0.0003401366197995868,454570.04981861165,3734335.1732478593,87.73272865776289,4
Blue Grosbeak,House,2025-07-09 18:10:09.000000333-05:00,0.004243886776476421,454625.5502250908,3734377.421747879,61.10838428347703,4
Eastern Meadowlark,House,2025-07-09 18:02:06.000000333-05:00,0.00041456001538735243,454618.78385423904,3734381.616206133,60.331757174802824,4
Indigo Bunting,House,2025-07-09 18:32:36.000000333-05:00,0.0008721859117169391,454661.25405897317,3734338.809854513,58.734168547942346,4
Dickcissel,House,2025-07-09 18:26:24.000000333-05:00,5.1021229062630603e-05,454681.7146369801,3734382.9436532985,62.1019510824568,4
Eastern Meadowlark,House,2025-07-09 18:18:57.000000333-05:00,0.001095992823441828,454678.576468674,3734390.0208847444,57.712145584119526,3
Blue Grosbeak,House,2025-07-09 18:09:54.000000333-05:00,0.0009204271112036297,454622.70834365336,3734377.5708273,61.25891603696135,4
Dickcissel,House,2025-07-09 18:14:21.000000333-05:00,0.0008506571839759202,454679.3285921837,3734389.9657652173,56.18106964444426,4
Dickcissel,House,2025-07-09 18:21:18.000000333-05:00,0.027217986558527696,454853.7336851092,3734049.483791801,51.579536300983,4
Dickcissel,House,2025-07-09 18:24:15.000000333-05:00,5.670398560498706e-06,454680.9218945553,3734382.4399885945,60.947014089491994,4
Eastern Meadowlark,House,2025-07-09 18:16:45.000000333-05:00,5.6688717158121425e-05,454640.93361425283,3734335.188047398,71.67309583874896,4
Dickcissel,House,2025-07-09 18:37:57.000000333-05:00,2.0967447199778575e-09,454671.5490412464,3734393.689430455,64.81591757027532,4
Indigo Bunting,House,2025-07-09 18:18:26.999995333-05:00,7.15920365382076e-05,454659.33860930405,3734337.927077946,58.88920656656517,4
Eastern Meadowlark,House,2025-07-09 18:02:42.000000333-05:00,0.014361833211341107,454633.8722329475,3734358.1572244563,59.03965611177579,4
Blue Grosbeak,House,2025-07-09 18:51:51.000000333-05:00,7.747599166586332e-05,454609.212021796,3734359.315532509,83.26274965817895,4
Dickcissel,House,2025-07-09 18:26:48.000000333-05:00,6.613686079416185e-05,454681.64826021704,3734382.8843657505,61.949694452362486,4
Indigo Bunting,House,2025-07-09 18:32:20.999995333-05:00,0.000790866375188193,454661.2150416667,3734338.9041276104,58.67614538304702,4
Eastern Meadowlark,House,2025-07-09 18:00:24.000000333-05:00,0.00045729707211333154,454617.7208643309,3734381.983704474,62.541028759657415,4
Dickcissel,House,2025-07-09 18:58:18.000000333-05:00,0.0015668389752440184,454687.6607143267,3734396.2098724744,55.62172817332772,4
Indigo Bunting,House,2025-07-09 18:21:00.000002333-05:00,0.00016653376692141406,454659.3120630312,3734338.3248326336,58.8842492207783,4
Indigo Bunting,House,2025-07-09 18:33:41.999995333-05:00,0.0009238746253312953,454661.3064686937,3734339.00615682,58.66535435338285,4
Eastern Meadowlark,House,2025-07-09 18:00:51.000000333-05:00,0.009539769263690287,454606.0803879382,3734382.3676279257,61.13242533547161,4
Eastern Meadowlark,House,2025-07-09 18:01:48.000002333-05:00,0.00021989906095444198,454619.23529095517,3734381.574330701,60.308584831525884,4
Dickcissel,House,2025-07-09 18:24:30.000000333-05:00,5.668808647524282e-06,454681.30561548885,3734382.6729004825,61.599726926685676,4
Dickcissel,House,2025-07-09 18:30:54.000000333-05:00,7.049198331536092e-10,454671.5328286957,3734375.6125409943,90.83594623806185,4
Dickcissel,House,2025-07-09 18:11:36.000000333-05:00,0.0009071158717396555,454678.62483459193,3734389.377126779,56.20257951873726,4
Mourning Dove,House,2025-07-09 18:28:54.000000333-05:00,5.60921864511954e-10,454671.3398898856,3734375.5905694705,91.44135783610167,4
Blue Grosbeak,House,2025-07-09 18:05:33.000000333-05:00,0.000651370848182504,454622.6229303221,3734377.4328203565,61.33107382235868,4
Blue Grosbeak,House,2025-07-09 18:08:57.000000333-05:00,0.004198335462113817,454625.69584510324,3734377.389937946,61.1363398937814,4
Eastern Meadowlark,House,2025-07-09 18:19:48.000000333-05:00,0.0001007377250846677,454659.38824013394,3734337.996109591,58.892548558422455,4
Indigo Bunting,House,2025-07-09 18:32:45.000000333-05:00,0.0008608631639974579,454661.24582221726,3734338.861297904,58.671236495679025,4
Dickcissel,House,2025-07-09 18:30:15.000000333-05:00,6.235858376417668e-05,454670.30252506887,3734375.335599715,87.41644071311207,4
Dickcissel,House,2025-07-09 18:26:51.000000333-05:00,5.6688464727797094e-05,454681.77919387456,3734383.0335251526,62.3155101097893,4
Painted Bunting,House,2025-07-09 18:55:27.000000333-05:00,0.007391850452796117,454605.9814486983,3734368.4549196004,59.696687950093214,4
Indigo Bunting,House,2025-07-09 18:51:06.000000333-05:00,4.7241599673707633e-05,454634.2555543739,3734306.973492205,99.558395026417,4
Indigo Bunting,House,2025-07-09 18:50:38.999995333-05:00,4.913055151241352e-05,454634.5142468568,3734307.670735475,98.70189037197348,4
Dickcissel,House,2025-07-09 18:24:36.000000333-05:00,0.00015306242350210156,454681.0986947357,3734382.628579259,61.124368466361894,4
Dickcissel,House,2025-07-09 18:29:51.000000333-05:00,5.669461071756976e-06,454670.71914194926,3734375.435763445,88.66340039456682,4
Eastern Meadowlark,House,2025-07-09 18:45:18.000000333-05:00,6.0468313875711166e-05,454636.82618772064,3734309.7759249457,96.93133816724695,4
Indigo Bunting,House,2025-07-09 18:33:24.000000333-05:00,0.0009409964775248849,454661.30638551794,3734338.901159267,58.65936947802522,4
Blue Grosbeak,House,2025-07-09 18:01:27.000000333-05:00,0.0004366326758937107,454621.94855357805,3734376.9544399013,61.83073693480487,4
Dickcissel,House,2025-07-09 18:29:42.000000333-05:00,6.613735689966112e-05,454670.9395455392,3734375.4985940354,89.45182406926975,4
Eastern Meadowlark,House,2025-07-09 18:00:54.000002333-05:00,0.009559421443324658,454606.2610483222,3734382.3296209387,61.124838935894516,4
Indigo Bunting,House,2025-07-09 18:21:12.000000333-05:00,0.00026101552343163356,454659.31916801434,3734338.268901165,58.88610134067161,4
Dickcissel,House,2025-07-09 18:24:24.000000333-05:00,6.235987656977998e-05,454681.21209381043,3734382.6286452087,61.59074214778748,4
Indigo Bunting,House,2025-07-09 18:22:27.000000333-05:00,0.00045653917668559904,454659.1519976832,3734338.425149671,58.95264735908131,4
Blue Grosbeak,House,2025-07-09 18:14:33.000000333-05:00,0.0009883709018011593,454678.48285785614,3734389.219238062,56.20135456926887,3
Painted Bunting,House,2025-07-09 18:48:18.000000333-05:00,5.1021001247842736e-05,454635.5146276859,3734311.68207661,95.53474285083355,4
Blue Grosbeak,House,2025-07-09 18:04:54.000000333-05:00,0.0007791405221047228,454622.7431937188,3734377.4379246556,61.3482739936235,4
Painted Bunting,House,2025-07-09 18:53:48.000000333-05:00,6.613694436678752e-05,454563.5223551032,3734357.608220397,111.16414053554733,4
Dickcissel,House,2025-07-09 18:35:27.000002333-05:00,0.0003401369134425301,454572.9762153648,3734336.4795957142,87.92976074842348,4
Blue Grosbeak,House,2025-07-09 18:02:48.000000333-05:00,0.0005320258058418112,454621.81244201487,3734376.9938470195,61.824153468286916,4
Indigo Bunting,House,2025-07-09 18:47:45.000000333-05:00,4.913086953812577e-05,454636.0005267394,3734312.878234619,94.45545814526464,4
Indigo Bunting,House,2025-07-09 18:17:41.999995333-05:00,0.0001771720593479268,454659.47473569366,3734337.502403472,58.89715548933995,4
Dickcissel,House,2025-07-09 18:23:06.000000333-05:00,0.00033901753038530213,454688.6775561932,3734388.911839301,55.626881512673165,4
Blue Grosbeak,House,2025-07-09 18:12:06.000000333-05:00,0.035186798365014614,454634.45635428576,3734378.337164042,51.57952999843574,4
Blue Grosbeak,House,2025-07-09 18:04:03.000000333-05:00,0.0006553864085734931,454621.9895764805,3734376.93718389,61.91799374213242,4
Indigo Bunting,House,2025-07-09 18:31:57.000000333-05:00,0.0007754162329442309,454661.24726055964,3734338.910067409,58.67093497260186,4
Dickcissel,House,2025-07-09 18:15:39.000000333-05:00,0.0007529933304533693,454679.49277797923,3734390.185859184,56.15088485084679,4
Eastern Meadowlark,House,2025-07-09 18:00:42.000000333-05:00,0.00042732975014406666,454619.22064067714,3734381.4636511263,60.324005197975346,4
Dickcissel,House,2025-07-09 18:26:30.000000333-05:00,5.4798702269417965e-05,454681.6090733293,3734382.8829943533,62.02502539199891,4
Blue Grosbeak,House,2025-07-09 18:05:18.000000333-05:00,0.0006242069795458169,454622.5834788514,3734377.4740642346,61.308230211295175,4
Eastern Meadowlark,House,2025-07-09 18:44:39.000000333-05:00,6.61370665533308e-05,454636.93502551387,3734310.3675069255,96.68996868597978,4
